ISO;Usable?;Continent;Region;Politics;Population;GDP/c PPP 2018;Country;Index-4;Index-3;Index-2;Index-1;Index0;Index0-H-Ind;Index0-En-1-Ind;Index0-En-2-Ind;Index0-En-3-Ind;Index0-En-T-Ind;Index0-Ec-1-Ind;Index0-Ec-2-Ind;Index0-Ec-3-Ind;Index0-Ec-T-Ind;Index0-S-1-Ind;Index0-S-2-Ind;Index0-S-3-Ind;Index0-S-T-Ind;Index0-H-Raw;Index0-En-1-Raw;Index0-En-2-Raw;Index0-En-3-Raw;Index0-Ec-1-Raw;Index0-Ec-2-Raw;Index0-Ec-3-Raw;Index0-S-1-Raw;Index0-S-2-Raw;Index0-S-3-Raw;v2x_libdem;DI adj. for pop., area, and heterogeneity (A =0.1);FSI
AFG;1;Asia;Southern Asia;;37172386;1951,558504;Afghanistan;;;;;29,75483234;99,76853183;;49,33588004;41,93157685;45,63372845;85,33333333;0;14,71409719;33,34914351;1,766588706;49,18204162;1;17,31621011;1158011321;0;12333,97001;17,3124841;64,4;-20,15832839;17,05718056;1,766588706;-0,817958382;2,83296612;0,233;0,002419441;105
ALB;1;Europe;Southern Europe;Post-communist;2866376;13325,55463;Albania;58,02883339;58,78737261;;64,40110516;63,06732499;96,65414805;80,1104499;51,85127559;71,53896598;67,83356383;90,33333333;17,58380541;35,51568642;47,81094172;61,77742981;90,89613198;80,55378933;77,74245038;16871584927;-0,009889855;12962,8189;53,23435822;62,9;-8,241619459;12,89686272;61,77742981;40,89613198;-0,14584658;0,429;3,248081338;58,9
DZA;1;Africa;Northern Africa;;42228429;15621,85944;Algeria;46,33167357;45,91679176;41,68747032;37,57691445;34,63470668;67,63619159;;48,55980986;7,56308949;28,06144967;47,33333333;1;100;49,44444444;42,75735032;1;51,50061917;31,7526565;1,77588E+11;2,60019E-05;12139,95246;0,499112143;75,8;-12,53800417;-2,099803668;42,75735032;-60,96126897;1,16398514;0,139;0,047573001;75,4
AGO;1;Africa;Sub-Saharan Africa;Post-communist;30809762;6440,97627;Angola;24,64491329;24,7005791;19,51679718;12,5715377;13,30061273;73,06809076;56,79994289;55,13751043;39,37017533;50,43587622;61,66666667;84,03581689;1;48,90082785;1;1;1;1;1,45201E+11;-0,046656123;13784,37761;13,65097428;71,5;-1,596418311;35,85451507;5,44293E-05;-257,9133902;3,46198116;0,197;0,004778123;87,8
AUS;1;Oceania;Australia and New Zealand;;24992369;51601,78395;Australia;56,76168215;58,03625631;58,44774578;59,60704393;58,44678725;11,15121263;100;38,6347723;24,65367973;54,42948401;80,66666667;69,36423749;32,38603906;60,80564774;74,909025;77,20238262;99,38207467;83,83116076;6,66066E+11;0,005810235;9658,693075;5,418522827;65,8;-3,063576251;13,52279219;74,909025;27,20238262;-0,00463444;0,824;1,578032191;19,7
AUT;1;Europe;Western Europe;;8847037;55509,59306;Austria;69,79472527;70,42978456;70,63505033;71,34399085;73,18715189;97,99738457;100;52,31669001;64,66670133;72,32779711;45,33333333;100;65,16006981;70,16446771;97,68715033;76,83016634;57,92818667;77,48183445;10063716326;0,012231032;13079,1725;36,25481694;76,4;2,178961649;6,967986038;97,68715033;26,83016634;-0,3155386;0,715;9,85139715;25
AZE;1;Asia;Western Asia;Post-communist;9942334;18012,31548;Azerbaijan;69,29718833;70,23368586;67,45608029;67,61322662;63,7056799;53,61146421;100;56,93180585;8,531804879;55,15453691;85,66666667;100;72,97912799;86,21526488;81,70898006;1;96,393525;59,70083502;2,67802E+11;0,041657039;14232,95146;1,013193656;64,3;5,312257807;5,404174403;81,70898006;-124,6278104;0,0865554;0,06;0,210147563;73,2
BHR;1;Asia;Western Asia;;1569439;47219,84105;Bahrain;37,03841291;38,93621402;38,67539869;35,59944253;36,66847481;22,55079648;;28,16607102;1;14,58303551;45,33333333;82,50537481;70,95586615;66,2648581;90,75512687;10,60131872;90,022565;63,79300353;5,25123E+11;0,000117545;7041,517755;0,008079732;76,4;-1,749462519;5,80882677;90,75512687;-39,39868128;0,23945844;0,035;0;63,8
BGD;1;Asia;Southern Asia;;161356039;4364,045283;Bangladesh;62,27330548;65,31523417;62,42365567;67,65154257;63,8402987;98,6500625;90,61767165;52,85519643;6,362067394;49,94497849;76,33333333;94,0253063;100;90,11954654;17,46276785;66,53396685;89,77556667;57,92410046;6772621720;-0,002200702;13213,79911;0,660966091;67,1;-0,59746937;-5,899886277;17,46276785;16,53396685;0,2453864;0,131;0,400605634;87,7
BLR;1;Europe;Eastern Europe;Post-communist;9485386;19959,54272;Belarus;64,46041829;67,3292683;69,78748779;71,1979367;70,7634459;98,5337381;100;32,09579515;13,57625134;48,55734883;95,33333333;69,14755772;100;88,16029702;66,7910647;100;82,084592;82,95855223;7358382378;0,040141594;8023,948787;1,720622513;61,4;-3,085244228;-1,251264423;66,7910647;64,29183776;-0,13436556;0,122;0,776610475;68,2
BEL;1;Europe;Western Europe;;11422068;50366,67903;Belgium;76,50016002;76,34609547;75,48523839;76,05246421;74,71446444;100;100;46,48342916;48,39017029;64,95786648;80,33333333;93,85991282;49,69155857;74,62826824;93,94534532;76,8088902;87,35301333;86,03574962;0;0,003275358;11620,85729;20,97748197;65,9;-0,614008718;10,06168829;93,94534532;26,8088902;-0,0948524;0,796;4,414712822;28,6
BLZ;1;Americas;Latin America and the Caribbean;;383071;8786,494801;Belize;;;;;31,97274806;97,36333643;27,13287008;14,76715641;53,46341262;31,78781304;28,33333333;15,87537444;1;15,06956926;52,20260391;78,44969962;74,86119167;68,5044984;13271382630;-0,132740466;3691,789102;19,16577;81,5;-8,412462556;20,13743569;52,20260391;28,44969962;0,6033314;;0,238147129;62,5
BEN;1;Africa;Sub-Saharan Africa;Post-communist;11485048;2420,479725;Benin;14,9116175;14,87261448;12,98347496;15,31077493;9,232050878;100;16,70317276;24,51960646;20,5600255;20,59426824;70,33333333;6,097469105;4,21257576;26,88112607;2,264047163;1;1;1,421349054;0;-0,173459036;6129,901616;5,314858739;68,9;-9,39025309;19,15748485;2,264047163;-56,74805511;2,74141554;0,535;0,024100831;73,6
BOL;1;Americas;Latin America and the Caribbean;;11353142;7859,281711;Bolivia;44,22312117;45,71265464;44,04110783;43,49645799;38,27817729;83,8882693;26,1657957;38,92824128;24,37055974;29,82153224;40,33333333;60,63146578;16,17747061;39,04742324;63,30661547;26,71710035;58,3296775;49,45113111;84094604800;-0,136287243;9732,060319;8,399966437;77,9;-3,936853422;16,76450588;63,30661547;-23,28289965;1,00008774;0,399;3,511612332;72,9
BWA;1;Africa;Sub-Saharan Africa;;2254126;18582,96654;Botswana;53,78268572;53,97550038;51,49028469;53,51972242;50,15043056;95,8958478;62,50699061;36,64733771;38,11461046;45,75631293;39;100;100;79,66666667;46,86011939;1;56,59930167;34,81980702;20735746572;-0,035143144;9161,834427;10,1804831;78,3;5,563699073;-6,084924501;46,86011939;-235,4931136;1,04161676;0,586;0,080478084;59,5
BRA;1;Americas;Latin America and the Caribbean;;209469333;16068,01996;Brazil;54,12699558;53,96973581;54,11569139;54,49217101;53,40674877;93,7439253;47,16248765;70,89397295;57,13772728;58,39806262;25,66666667;80,71501044;33,95226073;46,77797928;53,42704375;25,58984923;89,902032;56,30630833;31785533566;-0,069795068;17723,49324;36,56806892;82,3;-1,928498956;13,20954785;53,42704375;-24,41015077;-0,07573476;0,563;8,104771597;71,8
BRN;1;Asia;South-eastern Asia;;428962;80777,55067;Brunei Darussalam;45,25594454;48,08378355;50,26103704;52,88802702;53,40363143;1;100;72,68057806;3,826179505;58,83558586;38;100;100;79,33333333;99,19452823;1;95,12148;65,10533608;1,77545E+12;0;18170,14451;0,137538389;78,6;16,90290767;-17,41001984;99,19452823;-208,2045746;0,11708448;;0,166401274;57,5
BGR;1;Europe;Eastern Europe;Post-communist;7024216;21960,36994;Bulgaria;68,94121389;69,44972643;70,35460661;73,19174396;71,33490735;93,56370273;100;40,3337599;59,99542189;66,77639393;84,33333333;100;57,40391737;80,57908357;65,37420634;77,51511481;61,52728;68,13886705;32716676823;0,055292666;10083,43997;27,26947409;64,7;2,329269539;8,519216526;65,37420634;27,51511481;-0,2885454;0,499;2,181571696;50,6
BFA;1;Africa;Sub-Saharan Africa;;19751535;1975,036848;Burkina Faso;26,50514478;26,80721824;22,53484901;29,17838637;26,48006775;100;58,19364676;54,36166024;18,30329684;43,61953461;75,33333333;22,33060825;1;32,88798053;3,061992666;34,76737303;1;12,9431219;0;-0,043694279;13590,41506;5,392809748;67,4;-7,766939175;23,91789438;3,061992666;-15,23262697;3,16236376;0,499;0,007954825;83,9
BDI;1;Africa;Sub-Saharan Africa;;11175378;742,796896;Burundi;43,35623345;44,18654491;38,1119084;47,39955945;43,52467888;100;100;81,10423809;79,01165623;86,70529811;82;1;1;28;0,888299635;100;1;33,96276654;0;0,018610311;20276,05952;39,63390269;65,4;-12,3629131;39,31143989;0,888299635;53,07906703;3,5128341;0,05;0,01535063;98,2
KHM;1;Asia;South-eastern Asia;Post-communist;16249798;4354,074297;Cambodia;37,07010464;40,73962628;37,66659795;43,51807121;43,12045558;100;1;52,95448442;56,48391513;36,81279985;65,33333333;10,55383904;57,32403581;44,40373606;2,062107679;74,90112802;70,18427333;49,04916968;0;-0,397083008;13238,6211;19,12985585;70,4;-8,944616096;8,535192838;2,062107679;24,90112802;0,71557744;0,079;0,026241065;82,5
CMR;1;Africa;Sub-Saharan Africa;;25216237;3771,052011;Cameroon;21,06460535;21,71630347;21,07066761;22,7614995;15,01836834;98,23985139;12,91776137;69,57444095;51,31914073;44,60378102;58,33333333;65,7509881;17,34689703;47,14373949;2,845634492;1;1;1,615211497;8839814214;-0,189582907;17393,61024;31,78952531;72,5;-3,42490119;16,53062059;2,845634492;-96,51416568;2,56536052;0,131;0,008029004;97
CAN;1;Americas;Northern America;;37058856;48106,89302;Canada;57,86233414;58,08213505;57,4704855;56,9821302;55,66790402;28,36932539;91,15378225;34,04489504;55,23718498;60,14528742;58;70,70826672;35,05735094;54,58853922;69,5556;54,72396087;66,13731493;63,47229194;4,67371E+11;-0,001956389;8511,223759;34,28867797;72,6;-2,929173328;12,98852981;69,5556;4,723960875;-0,253970138;0,759;9,315508034;20
CHL;1;Americas;Latin America and the Caribbean;;18729160;25222,52778;Chile;62,61942768;60,85704684;60,22552269;61,62931865;60,81058251;98,73112347;100;48,21932002;40,39280202;62,87070735;42,33333333;78,47809213;25,53610008;48,78250851;61,67366517;67,24327036;91,46609867;73,4610114;6364636969;0,093222778;12054,83001;21,07792638;77,3;-2,152190787;14,89277998;61,67366517;17,24327036;-0,06400426;0,771;1,894625885;38,9
CHN;1;Asia;Eastern Asia;Confucian;1392730000;18210,09398;China;68,29533859;68,27698883;66,24360273;67,94127104;69,80777377;85,60525578;100;24,33742813;37,16577924;53,83440246;62;100;100;87,33333333;70,12235188;72,42888976;79,63523467;74,06215877;74768916546;0,035911375;6084,357032;10,20672449;71,4;1,761097572;-1,363566294;70,12235188;22,42888976;-0,15273574;0,056;5,46357537;71,1
COL;1;Americas;Latin America and the Caribbean;;49648685;14999,44381;Colombia;52,76258444;52,60772993;53,76966616;56,81567691;51,01733238;80,06411314;77,45374955;75,76027017;47,92128385;67,04510119;31;54,03565707;17,38647618;34,14071108;41,3261442;40,04700232;98,56332333;59,97882328;1,05214E+11;-0,012708335;18940,06754;26,57779944;80,7;-4,596434293;16,52270476;41,3261442;-9,95299768;0,03448024;0,475;4,85254325;75,7
CRI;1;Americas;Latin America and the Caribbean;;4999441;17645,09924;Costa Rica;71,77436744;69,58543793;74,65263638;77,94400236;74,7190941;100;100;58,34477567;74,13969862;77,49482476;43,66666667;66,73430735;72,70467449;61,03521617;86,46232286;79,5708428;98,55039733;88,194521;0;0,312248788;14586,19392;48,36469866;76,9;-3,326569265;5,459065102;86,46232286;29,5708428;-0,01087202;0,832;0,148333899;42
CIV;1;Africa;Sub-Saharan Africa;;25069229;4199,667628;Cote d'Ivoire;29,70833291;30,25353941;28,99601778;30,97394664;20,54551639;98,51530124;95,94316716;55,04546203;20,47330894;57,15397938;54;92,28417921;85,72701382;77,33706434;3,899466353;1;1;1,966488784;7451254418;-0,000411447;13761,36551;8,069979532;73,8;-0,771582079;2,854597236;3,899466353;-106,1664872;2,57872786;0,451;0,055119715;92,1
HRV;1;Europe;Southern Europe;Post-communist;4089400;27504,67478;Croatia;71,47854097;72,51058724;72,86650668;73,95655083;71,78176859;96,15476732;100;46,74511136;35,50618234;60,75043123;89,66666667;100;49,76203392;79,80956686;82,56209687;97,64494564;49,99744;76,7348275;19414627269;0,002454015;11686,27784;14,33375104;63,1;3,266034355;10,04759322;82,56209687;47,64494564;-0,3750192;0,573;1,3162925;47,5
CYP;1;Asia;Western Asia;;1189265;0;Cyprus;50,7455285;53,21903745;51,90993161;50,43484467;45,20807561;100;95,23952263;64,04329491;21,51497576;60,2659311;1;48,10784051;11,97005983;20,35930012;85,71165985;100;40,197896;75,30318528;0;-0,000566554;16010,82373;3,437878693;89,8;-5,189215949;17,60598803;85,71165985;62,18523863;-0,44851578;0,74;0,066926865;57,8
CZE;1;Europe;Eastern Europe;Post-communist;10625695;39743,59709;Czech Republic;60,72054674;62,46909874;65,5771447;71,39561821;66,80031113;86,1520654;100;40,63435335;50,38727129;63,67387488;47,33333333;100;41,46975474;62,93436269;60,32726243;100;67,87384;76,06703414;71818630894;0,009545269;10158,58834;17,17994673;75,8;0,764321712;11,70604905;60,32726243;54,62789421;-0,2409462;0,702;5,497676579;37,6
DNK;1;Europe;Northern Europe;Nordic;5797446;55105,0364;Denmark;68,95772167;70,21139292;71,2286958;76,19766723;76,30280671;82,10376938;100;57,25318204;76,53052168;77,92790124;21,33333333;100;86,88378494;69,40570609;96,34708294;67,76514362;89,69277333;84,60166663;93888696769;0,02119089;14313,29551;26,06084271;83,6;7,735996054;2,623243012;96,34708294;17,76514362;-0,0773042;0,846;31,4885058;19,5
ECU;1;Americas;Latin America and the Caribbean;;17084357;11713,69349;Ecuador;52,97177456;53,5845118;53,83299877;56,08944414;52,41708907;84,9583115;19,45792465;59,07609208;41,71658247;40,08353306;41,33333333;93,17119591;57,91309418;64,13920781;40,48605974;59,23496586;72,49338333;57,40480298;78271669623;-0,162175648;14769,02302;19,2121599;77,6;-0,682880409;8,417381164;40,48605974;9,234965864;0,6601588;0,472;1,228745434;71,2
EGY;1;Africa;Northern Africa;;98423595;12390,41997;Egypt, Arab Rep.;36,37574411;35,75703841;;33,19487331;31,09399678;92,62107805;;59,69036014;17,55733255;38,62384634;1;61,66196784;13,76433689;25,47543491;44,13179158;12,53252874;36,0543725;30,90623094;37601547940;4,34747E-07;14922,59003;3,964147056;90,9;-3,833803216;17,24713262;44,13179158;-37,46747126;1,53469506;0,141;0,042234578;88,4
SLV;1;Americas;Latin America and the Caribbean;;6420744;8316,988971;El Salvador;56,12282465;57,16946961;57,14763445;61,16536385;55,40971603;100;66,49702991;40,73285107;57,50670778;54,91219625;47;65,011736;26,47676093;46,16283231;28,24364347;84,39955389;88,69110167;67,11143301;0;-0,028061225;10183,21277;28,81160419;75,9;-3,4988264;14,70464781;28,24364347;34,39955389;0,27141356;0,455;0,129323084;69,8
EST;1;Europe;Northern Europe;Post-communist;1320884;35450,23971;Estonia;64,66719972;56,06475234;56,00951172;58,04919458;55,6382127;100;24,44650548;39,02501047;13,5305338;25,66734992;63;100;67,85537029;76,9517901;93,2031418;100;68,39882667;87,20065615;0;-0,142708263;9756,252619;1,459672433;71,1;1,934221504;6,428925943;93,2031418;58,61256093;-0,2370088;0,843;2,208766115;40,8
ETH;1;Africa;Sub-Saharan Africa;Post-communist;109224559;2018,571869;Ethiopia;47,9076438;46,60995993;42,51752261;45,77337277;44,43431997;100;100;75,40252624;70,54611633;81,98288086;96;0,262906287;37,23770277;44,50020302;1;70,14258525;1;24,04752842;0;0,005041627;18850,63156;39,50327439;61,2;-9,973709371;12,55245945;1,265625;20,14258525;2,47464232;0,154;2,095443689;94,2
FJI;1;Oceania;Melanesia;;883483;11003,72288;Fiji;55,31982413;54,90707595;49,43294698;53,4104508;51,09191749;100;100;47,1101639;13,63365698;53,58127362;68,66666667;42,73699809;45,36694218;52,25686898;57,21750283;24,18993764;61,48901083;47,63215043;0;0,146688272;11777,54097;9,232370761;69,4;-5,726300191;10,92661156;57,21750283;-25,81006236;0,92426374;0,383;0;71,7
FIN;1;Europe;Northern Europe;Nordic;5518050;47930,19149;Finland;75,88922704;73,63361044;72,27045083;72,16800603;71,47491069;100;94,69511408;42,75168731;81,98508938;73,14396359;44,33333333;89,24132393;38,14568458;57,24011395;84,25555651;100;77,38384;87,21313217;0;-0,000703545;10687,92183;47,47708231;76,7;-1,075867607;12,37086308;84,25555651;62,01962712;-0,1696212;0,803;19,18121473;16,9
FRA;1;Europe;Western Europe;;66987244;45342,39574;France;74,26671529;74,72411713;74,76085521;76,01182601;75,50822427;99,87910975;100;61,7257107;75,22013189;78,98194753;71;93,00168568;42,36871787;68,79013452;63,2955512;80,78916973;93,669825;79,25151531;604634042;0,063178823;15431,42767;48,09134955;68,7;-0,699831432;11,52625643;63,2955512;30,78916973;0,1519242;0,773;5,983063453;32
GEO;1;Asia;Western Asia;Post-communist;3731000;11420,62966;Georgia;57,07241785;61,97296646;56,57341095;61,56459114;59,30748529;99,59543843;100;47,57849532;16,02221971;54,53357168;74;1;45,73217459;40,2440582;100;94,57002096;90,76045167;95,11015754;2024857850;0;11894,62383;19,28626588;67,8;-10,61937059;10,85356508;105,0299893;44,57002096;0,22174916;0,53;6,748133343;72
DEU;1;Europe;Western Europe;;82927922;53735,2006;Germany;68,14408018;68,88158467;68,64958303;68,81442086;66,32149473;94,45692987;88,98247247;60,33351957;30,03878322;59,78492509;28;100;67,26251261;65,0875042;89,95455404;76,32334168;60,55696;75,61161857;28110449346;-0,003034648;15083,37989;10,6896293;81,6;7,873451817;6,547497479;89,95455404;26,32334168;-0,2958228;0,774;5,752166831;24,7
GHA;1;Africa;Sub-Saharan Africa;;29767108;4738,314095;Ghana;32,18322823;33,57753595;30,62226244;36,35784508;32,41243928;98,06888575;100;41,86489614;26,60493694;56,15661103;72,66666667;47,05825023;1;40,24163897;24,5558057;4,794687356;15,98623417;15,11224241;9702641889;0,05090497;10466,22403;27,400878;68,2;-5,294174977;23,63959377;24,5558057;-45,20531264;2,01633038;0,531;0,173094862;65,9
GRC;1;Europe;Southern Europe;;10727668;29592,15242;Greece;56,34931553;59,67165187;62,96713498;63,36311978;63,57172532;95,65635358;100;44,0097438;47,33669862;63,78214747;72,66666667;82,74657759;1;52,13774809;100;95,99057183;37,33093333;77,77383505;21959338392;0,07258814;11002,43595;13,4569096;68,2;-1,725342241;25,29981354;102,6940794;45,99057183;-0,470018;0,708;0,374730482;53,9
GIN;1;Africa;Sub-Saharan Africa;;12414318;2630,188575;Guinea;19,75114545;19,73524381;16,6763544;17,27427963;10,29145594;100;60,82141406;49,70205231;35,48254758;48,66867132;61,33333333;1;1;21,11111111;1,182666483;1;1;1,060888828;0;-0,03837404;12425,51308;11,31925039;71,6;-10,23605137;42,96049938;1,182666483;-64,30832411;2,60534564;0,176;0,018149081;99,4
HND;1;Americas;Latin America and the Caribbean;;9587522;5129,690135;Honduras;;;;;46,98192036;100;1;41,13656423;42,71519946;28,28392123;32;59,25619147;78,70736363;56,65451837;31,06765494;93,86373527;69,21949583;64,71696201;0;-0,463154218;10284,14106;24,21368067;80,4;-4,074380853;4,258527275;31,06765494;43,86373527;0,7387321;0,225;0,354617639;77,8
HUN;1;Europe;Eastern Europe;Post-communist;9768785;30673,07964;Hungary;71,08419116;71,98565124;74,3656245;77,16761944;76,2366922;96,48055285;100;53,90497909;56,24114819;70,0487091;79,33333333;100;59,0528688;79,46206738;95,80434518;90,61197034;53,68106667;80,03246073;17754853153;0,011561066;13476,24477;22,92201484;66,2;2,699281278;8,189426239;95,80434518;40,61197034;-0,347392;0,441;9,274359054;49,6
ISL;1;Europe;Northern Europe;Nordic;353574;57311,349;Iceland;74,04358283;76,44043968;78,32081075;87,27599679;85,65469558;100;;71,39483211;100;85,69741606;56,33333333;100;64,39468311;73,57600548;100;100;98,99976667;99,66658889;0;6,02782E-05;17848,70803;83,10834883;73,1;4,670682472;7,121063379;100,0098676;58,01649646;0,0240056;0,774;15,61711466;19,8
IND;1;Asia;Southern Asia;;1352617328;7761,595297;India;52,06710106;52,69343216;52,46961771;54,96533732;50,72231687;97,76682492;100;43,6365567;28,83607868;57,49087846;15,33333333;86,43800195;96,86541168;66,21224899;18,96917138;1;83,22436417;34,39784518;11228919713;0,014192552;10909,13917;8,944069453;85,4;-1,356199805;0,626917663;18,96917138;-59,24747747;0,40261526;0,417;0,775834046;74,4
IDN;1;Asia;South-eastern Asia;;267663435;13056,55305;Indonesia;43,46347149;43,82563908;44,0975412;45,28579506;44,94760716;88,79461594;12,21586422;72,84353074;20,73287687;35,26409061;20;76,9665489;57,26460902;51,41038598;73,64291655;1;78,3246775;50,98919802;57691048880;-0,192651362;18210,88269;3,986819913;84;-2,30334511;8,547078195;73,64291655;-63,98307566;0,52020774;0,502;2,648563597;70,4
IRL;1;Europe;Northern Europe;;4853506;83203,39468;Ireland;71,94663986;73,46542198;71,56005649;74,69514188;73,61661368;97,78078465;100;86,99058435;43,68511622;76,89190019;23,33333333;100;78,82729374;67,38687569;73,530625;60,35890272;97,87919167;77,25623979;11158330933;0,008885396;21747,64609;11,81438211;83;6,16044247;4,234541253;73,530625;10,35890272;0,0508994;0,76;0,670516622;20,6
ISR;1;Asia;Western Asia;;8883800;39822,48791;Israel;62,23290995;62,84029282;63,23209866;64,35082572;63,8650777;92,77664439;100;38,18428661;1;46,3947622;44,66666667;100;79,63393795;74,76686821;89,78816795;91,04178318;47,00358333;75,94451149;36793664926;0,007544904;9546,071654;0,000811686;76,6;3,752569309;4,073212409;89,78816795;41,04178318;1,271914;0,568;0,142387541;76,5
ITA;1;Europe;Southern Europe;;60431283;41630,4488;Italy;66,88256273;68,24210917;68,15501065;70,25849207;69,87703492;98,45695047;100;58,43670781;51,88487633;70,10719471;70,33333333;100;22,31245017;64,21526117;91,13912356;96,3136258;40,44333333;75,9653609;7745242045;0,057142764;14609,17695;18,31050112;68,9;2,166642457;15,53750997;91,13912356;46,3136258;-0,446675;0,783;4,4959719;43,8
JAM;1;Americas;Latin America and the Caribbean;;2934855;9298,799235;Jamaica;48,06268565;51,47848669;55,16350042;60,49355472;59,28033068;100;79,13413331;56,08501629;21,09946084;52,10620348;37,33333333;66,09635581;64,46264461;55,96411125;48,66087742;73,86790022;91,78696083;71,43857949;0;-0,01088461;14021,25407;3,768678508;78,8;-3,390364419;7,107471077;48,66087742;23,86790022;0,19711294;0,702;0,007799195;61,2
JPN;1;Asia;Eastern Asia;Confucian;126529100;42793,9502;Japan;67,78658622;67,8933788;66,73440967;67,19846438;65,62404789;99,70989093;88,80417927;47,44321229;22,22706332;52,8248183;89,66666667;100;27,69475647;72,45380771;70,9510455;100;50,66456;73,8718685;1451598912;-0,00313366;11860,80307;8,856097346;63,1;3,104397643;14,46104871;70,9510455;53,93095067;-0,3700158;0,727;13,49023526;34,3
JOR;1;Asia;Western Asia;;9956011;9347,942243;Jordan;;38,50535243;36,06892913;35,32947329;38,39255711;99,90239079;;33,77740205;12,24334383;23,01037294;74,33333333;14,23698818;40,0906767;42,8869994;60,9559103;62,06966683;49,03313583;57,35290432;488165215,4;0;8444,350513;1,287901611;67,7;-8,576301182;11,98186466;60,9559103;12,06966683;1,22320474;0,251;0,038589534;75,9
KAZ;1;Asia;Central Asia;Post-communist;18276499;27830,58528;Kazakhstan;32,60757792;32,87959784;31,2643734;29,64106304;28,13778319;30,27123294;;22,31143121;6,30334755;14,30738938;1;80,82927501;36,86533312;39,56486938;64,92646574;13,02395106;63,29235833;47,08092504;4,49807E+11;0;5577,857803;0,893602921;95,2;-1,917072499;12,62693338;64,92646574;-36,97604894;0,8809834;0,119;0,774937058;61,6
KEN;1;Africa;Sub-Saharan Africa;;51393010;3461,441353;Kenya;33,38355463;36,44824529;32,16379653;37,47396318;40,49886811;100;100;57,20780406;48,8374199;68,68174132;56;28,01076462;1;28,33692154;22,55808125;54,83262216;24,99892;34,12987447;0;0,004903572;14301,95102;26,03169113;73,2;-7,198923538;21,17094615;22,55808125;4,832622157;1,80002592;0,297;0,104518829;93,5
KOR;1;Asia;Eastern Asia;Confucian;51635256;40111,77576;Korea, Rep.;58,48908046;58,74744771;59,82473567;61,42013636;60,2557241;99,76566867;45,35349496;34,42340952;38,57455631;39,45048693;76,66666667;100;95,45278402;90,70648356;69,91312572;97,976416;15,58605867;61,15853346;1172343821;-0,074656013;8605,85238;12,80737765;67;6,007875102;0,909443197;69,91312572;47,976416;-0,63310456;0,8;9,848015201;33,7
KWT;1;Asia;Western Asia;;4137309;73704,59334;Kuwait;37,73344198;38,27638046;38,8112752;38,60291841;37,94077959;1;;44,20328216;1,521722362;22,86250226;30,33333333;100;95,81214121;75,38182485;100;1;88,69225417;63,23075139;1,86344E+12;0;11050,82054;0,022528371;80,9;12,94504692;0,837571757;106,0797423;-135,0878281;0,2713859;0,287;0,024686886;53,2
KGZ;1;Asia;Central Asia;Post-communist;6315800;3877,858025;Kyrgyz Republic;50,12478079;49,9471889;43,21124528;47,6424835;41,08158143;98,93348338;92,46326966;20,96789758;17,15456097;43,52857607;75,66666667;1;1;25,88888889;38,44447019;98,52396972;47,9045;61,62431331;5346877638;-0,001420058;5241,974395;20,2738823;67,3;-12,05362689;22,5130981;38,44447019;48,52396972;1,250292;0,374;0,306693677;76,2
LAO;1;Asia;South-eastern Asia;Post-communist;7061507;7441,279777;Lao PDR;52,2453683;48,41498953;40,59200888;29,25357057;33,82026261;95,68727991;100;100;68,77841688;89,59280563;34,33333333;1;1;12,11111111;42,11740594;1;64,545705;35,88770365;21801247657;0,652827625;39312,71284;55,67347096;79,7;-10,87746171;27,30810484;42,11740594;-94,29687047;0,85090308;0,082;0,340396714;78,7
LVA;1;Europe;Northern Europe;Post-communist;1926542;30692,23567;Latvia;65,91329364;65,12628781;67,51236876;71,90273412;64,47008805;100;100;55,82518765;25,57566945;60,46695237;37,33333333;94,90530595;15,78375048;49,34079659;94,19680327;93,69811847;81,55112;89,81534725;0;0,005341737;13956,29691;12,52174493;78,8;-0,509469405;16,8432499;94,19680327;43,69811847;-0,1383666;0,763;5,167952023;43,9
LBN;1;Asia;Western Asia;;6848925;13058,03859;Lebanon;28,00385913;29,99252593;27,55173034;34,21044183;19,8102045;100;100;23,15909886;12,81173342;45,32361076;3,666666667;1;1;1,888888889;89,02977991;94,87634351;88,52531167;90,81047836;0;0,001048366;5789,774714;2,399941879;88,9;-21,71783486;34,564826;89,02977991;44,87634351;0,27539252;0,288;0,198126022;85
LSO;1;Africa;Sub-Saharan Africa;;2108132;3223,020858;Lesotho;43,40879862;43,26140279;38,19101564;38,48360922;34,05591627;100;;26,03041363;47,38735862;36,70888612;35;45,06136381;54,14451076;44,73529152;17,97855397;1;53,1782825;24,05227882;0;0,000509911;6507,603408;21,27554793;79,5;-5,493863619;9,171097848;17,97855397;-87,64877842;1,12372122;0,421;0,011825578;79,7
LBR;1;Africa;Sub-Saharan Africa;;4818977;1306,321734;Liberia;29,98284819;29,58448249;24,50768081;25,76650875;25,11129715;100;25,95327458;38,31142953;2,552725342;22,27247648;63,66666667;1;1;21,88888889;30,23837948;66,20143993;1;32,4799398;0;-0,137072939;9577,857382;0,632131405;70,9;-10,17169538;102,026003;30,23837948;16,20143993;2,38327312;0,425;0,007966747;90,2
LUX;1;Europe;Western Europe;;607728;111103,1346;Luxembourg;66,13406218;67,22214164;65,87688828;68,58042016;69,87125936;100;100;41,88208797;19,27313998;53,71840932;79;100;88,47773345;89,15924448;100;58,44615612;55,21592;71,22069204;0;0;10470,52199;12,49143577;66,3;5,025763284;2,30445331;108,8495094;8,446156124;-0,3358806;0,765;3,132879804;20,4
MKD;1;Europe;Southern Europe;Post-communist;2082958;16358,66205;Macedonia, FYR;63,20218346;64,78290933;65,88348803;68,75695349;66,27950753;96,37301104;100;31,18987901;40,57107567;57,25365156;81,66666667;86,71638965;59,63773841;76,00693157;76,34756075;67,43832287;58,05510667;67,2803301;18302434333;0;7797,469752;13,4668356;65,5;-1,328361035;8,072452319;76,34756075;17,43832287;-0,3145867;0,36;0,052833858;64,6
MDG;1;Africa;Sub-Saharan Africa;;26262368;1634,15586;Madagascar;43,79195589;47,95132885;46,08895338;53,44763199;51,61562237;100;84,61308697;82,87619303;38,45957554;68,64961851;66;92,67396823;29,76654061;62,81350295;5,266864483;81,99453973;8,408120833;31,88984168;0;-0,005918927;20719,04826;15,91484332;70,2;-0,732603177;14,04669188;5,266864483;31,99453973;2,1982051;0,293;0,034888243;80,9
MWI;1;Africa;Sub-Saharan Africa;;18143315;1308,68358;Malawi;34,59746832;35,23421662;26,12134683;33,04905731;33,61545927;99,98150341;49,22323906;66,80766524;76,69482323;64,24190918;55,66666667;1;1;19,22222222;1;90,28442704;1;30,76147568;92487218,52;-0,064456986;16701,91631;49,5057572;73,3;-16,56064208;35,52064193;26,1582668;40,28442704;2,47162754;0,462;0,008960921;83,3
MYS;1;Asia;South-eastern Asia;;31528585;31698,37147;Malaysia;65,41708101;66,06543444;65,17234215;63,9728844;63,45873736;74,91845689;100;45,96710888;20,41585626;55,46098838;26,66666667;100;56,34056925;61,00241197;92,12917769;54,46882809;90,0335175;78,87717443;1,34446E+11;0,029159795;11491,77722;4,388072629;82;2,968241488;8,731886149;92,12917769;4,468828089;0,23919558;0,292;0,116217831;60,5
MLI;1;Africa;Sub-Saharan Africa;;19077690;2312,569719;Mali;19,79278751;24,30134396;24,56127169;28,56469344;18,31452941;100;89,83015613;63,5125097;50,70394148;68,01553577;72,66666667;37,0796816;1;36,91544942;5,339935826;1;1;2,446645275;0;-0,002585643;15878,12742;24,9978693;68,2;-6,29203184;23,87024971;5,339935826;-65,41212932;3,67128764;0,316;0,01473694;94,5
MRT;1;Africa;Sub-Saharan Africa;;4403319;4189,954615;Mauritania;16,55661898;17,82810694;15,86630555;20,13849945;14,77176995;99,44021625;;16,54109882;31,50820329;24,02465105;77,66666667;1;1;26,55555556;13,16952815;1;1;5,056509383;2802846709;-7,62701E-06;4135,274704;6,343444191;66,7;-19,09968645;29,24247012;13,16952815;-115,0506997;2,53959002;0,165;0,007300968;90,1
MUS;1;Africa;Sub-Saharan Africa;;1265303;23709,10256;Mauritius;43,77914579;44,04308965;47,45601427;52,35442673;48,13395317;100;100;42,75524449;35,19538472;59,31687641;86,66666667;53,35331976;1;47,00666214;61,56089382;12,62432191;45,80288;39,99603191;0;0,003739003;10688,81112;7,620749975;64;-4,664668024;25,87217882;61,56089382;-37,37567809;-0,4064784;0,716;0,035048445;38,9
MEX;1;Americas;Latin America and the Caribbean;;126190788;19887,92283;Mexico;49,52069234;49,27027571;49,02939455;51,75413261;47,74138048;87,87945562;74,66051883;48,54999882;28,15004795;50,45352187;33,33333333;79,51240856;30,63648881;47,82741023;32,87817106;20,94935584;84,10119667;45,97624119;62559571894;-0,016052233;12137,4997;7,210265072;80;-2,048759144;13,87270224;32,87817106;-29,05064416;0,38157128;0,527;0,314355014;69,7
MNG;1;Asia;Eastern Asia;Post-communist;3170208;13735,36664;Mongolia;40,69384024;40,39739906;36,60650824;40,0198331;33,51544947;49,59557459;85,66413041;11,24205428;18,8428943;38,58302633;80,33333333;1;1;27,44444444;28,5746689;33,50055733;56,4168275;39,49735125;2,95759E+11;-0,005137929;2810,513571;2,669533096;65,9;-10,9754254;20,86705283;28,5746689;-16,49944267;1,04599614;0,484;1,14035168;54,1
MAR;1;Africa;Northern Africa;;36029138;8586,6387;Morocco;55,72399448;56,52700541;57,34633472;57,26822462;55,80967689;99,97700402;90,47433188;48,85174545;30,2892806;56,53845264;32,66666667;58,07276353;100;63,57981007;34,71740826;37,56416578;72,796445;48,35933968;114986507,3;-0,002268459;12212,93636;7,266137411;80,2;-4,192723647;-0,000985227;34,71740826;-12,43583422;0,65288532;0,255;0,152061503;73
MOZ;1;Africa;Sub-Saharan Africa;Post-communist;29495962;1327,91651;Mozambique;29,62241395;30,09372233;20,81191686;29,22038339;30,04975502;96,73124974;28,44319695;24,94545483;100;51,12955059;66,66666667;1;1;22,88888889;1;67,90566252;1;23,30188751;16479538885;-0,128009402;6236,363707;56,4999362;70;-32,0816208;28,96655717;1,046443835;17,90566252;2,84407258;0,322;0;88,7
MMR;1;Asia;South-eastern Asia;;53708395;6662,258825;Myanmar;61,18658858;59,5143619;57,29569473;61,36859707;57,64969736;97,37523097;1;100;52,66215788;51,22071929;100;58,86718953;100;86,28906318;41,5480383;1;88,022035;43,52335777;13211111912;-0,38454441;38612,47568;21,8557127;58,2;-4,113281047;-5,10655351;41,5480383;-68,83661579;0,28747116;0,25;0;94,3
NPL;1;Asia;Southern Asia;;28087871;3064,449286;Nepal;78,3007488;79,36251058;75,73632789;81,4108372;77,88262138;99,99774006;100;50,01426364;68,60076156;72,87167506;67;100;100;89;44,89354503;83,15222882;90,47646917;72,84074767;11299750,57;0;12503,56591;40,47440366;69,9;2,459658574;-17,34899047;44,89354503;33,15222882;0,22856474;0,458;0,046933103;84,7
NLD;1;Europe;Western Europe;;17231017;56328,94114;Netherlands;70,25688216;70,54012944;70,24540966;71,16733465;71,49715865;76,54879007;100;54,08087614;27,2153922;60,43208945;54,66666667;100;77,52187852;77,39618173;91,82852339;69,88454032;82,29810667;81,33705679;1,25078E+11;0,002199561;13520,21903;5,629849183;73,6;8,913281195;4,495624296;91,82852339;19,88454032;-0,1327642;0,807;3,621563943;24,8
NZL;1;Oceania;Australia and New Zealand;;4885500;41025,63504;New Zealand;65,4568158;68,42951867;68,89632757;69,51557513;69,99703618;84,582759;100;47,12538617;60,25443377;69,12660665;64;70,70890867;64,04589281;66,25160049;78,32110677;56,57367888;95,475425;76,79007022;80311144988;0,00029284;11781,34654;37,5213264;70,8;-2,929109133;7,190821439;78,32110677;6,573678879;0,1085898;0,805;2,007575499;20,1
NER;1;Africa;Sub-Saharan Africa;;22442948;1048,483199;Niger;35,76037939;36,89230128;32,31276364;38,79028369;34,41180725;99,58295057;;46,30990064;31,40077758;38,85533911;80;1;30,86413889;37,2880463;11,80233361;71,62743876;1;28,14325746;2087425807;-9,01718E-05;11577,47516;7,288448231;66;-16,94604328;13,82717222;11,80233361;21,62743876;4,68491664;0,439;0,01802159;96,2
NGA;1;Africa;Sub-Saharan Africa;;195874740;5980,285413;Nigeria;32,47787335;30,05928381;30,68116021;30,26563509;16,41524958;92,85725638;60,71850695;100;16,40953255;59,04267983;1;100;9,102611849;36,70087062;4,19225625;1;1;2,064085417;36375299280;-0,038575892;26411,25755;4,04841423;89,4;0,088760382;18,17947763;4,19225625;-344,2190861;3,0866498;0,435;1,538817954;98,5
NOR;1;Europe;Northern Europe;Nordic;5314336;65598,75255;Norway;67,85678952;68,29027331;68,04493262;67,62144541;67,76920023;1;100;78,95341024;82,22868416;87,06069813;36,33333333;100;96,08562052;77,47298462;100;85,64797744;90,56616;92,07137915;1,65116E+12;0,002544085;19738,35256;68,27362354;79,1;7,34420333;0,782875896;105,4614872;35,64797744;-0,0707538;0,867;16,90116522;18
OMN;1;Asia;Western Asia;;4829483;41434,64742;Oman;;;;;19,33656687;4,195242488;;33,40440552;1;17,20220276;37,33333333;1;1;13,11111111;99,36261976;1;54,38438167;51,58233381;7,95177E+11;0;8351,101381;0,012154777;78,8;-10,14339614;32,72010759;99,36261976;-92,00376909;1,09477484;0,128;0,005329156;50
PAK;1;Asia;Southern Asia;;212215030;5543,897107;Pakistan;37,13473716;37,58400208;35,99151985;37,87013339;34,16268895;98,46416445;;54,92757433;35,14836851;45,03797142;83,33333333;66,49435556;70,04870824;73,29213238;1,228857466;1;34,0914475;12,10676832;7708891261;-0,001127359;13731,89358;13,79567254;65;-3,350564444;5,990258352;1,228857466;-127,3148129;1,58180526;0,259;1,235704553;94,2
PAN;1;Americas;Latin America and the Caribbean;;4176873;25508,6321;Panama;43,68613246;44,02334622;46,57344728;48,57507401;47,0300526;100;25,70723808;92,78474415;43,5034745;53,99848558;35;7,889880974;100;47,62996032;49,28627124;1;71,04866;40,44497708;0;-0,137985362;23196,18604;16,0423218;79,5;-9,211011903;-5,796831982;49,28627124;-72,53772959;0,69483216;0,608;0,024157536;47
PER;1;Americas;Latin America and the Caribbean;;31989256;14393,4516;Peru;55,55594958;55,65534071;55,01520058;56,54230729;55,28396148;94,25920617;44,85890333;76,6935791;41,0986602;54,21704754;35;69,87362305;47,0388065;50,63747652;64,01912222;42,72083438;79,53833083;62,09276248;29128195008;-0,076013514;19173,39477;23,20104096;79,5;-3,012637695;10,5922387;64,01912222;-7,279165624;0,49108006;0,621;1,443843519;68,2
PHL;1;Asia;South-eastern Asia;;106651922;8935,300183;Philippines;60,9744586;61,64728326;61,99589015;62,24400866;58,01991123;99,24574547;100;79,7150419;35,61555408;71,77686533;24,66666667;100;100;74,88888889;24,49808604;23,07934179;61,55247667;36,37663483;3778410866;0,204082209;19928,76048;13,94287692;82,6;0,560746178;-8,218709636;24,49808604;-26,92065821;0,92274056;0,324;3,96512302;83,1
POL;1;Europe;Eastern Europe;Post-communist;37978548;31342,9738;Poland;56,1620187;57,3455837;60,13741987;62,50676354;63,24558593;87,09851273;100;42,0024408;9,084685764;50,36237552;59,33333333;92,75723005;50,50302513;67,53119617;97,85837897;91,90446371;38,06125333;75,94136534;66734160448;0,021482315;10500,6102;0,702634522;72,2;-0,724276995;9,899394973;97,85837897;41,90446371;-0,4645406;0,548;8,103388897;42,8
PRT;1;Europe;Southern Europe;;10281762;33041,1806;Portugal;55,52907891;59,01804658;61,4340423;62,25217563;61,78717675;100;58,06592735;56,48213619;63,3786547;59,30890608;54,66666667;100;10,1766045;54,94775706;85,24833597;100;31,89496;72,38109866;0;-0,043961661;14120,53405;26,76424752;73,6;0,132022947;17,9646791;85,24833597;51,94205776;-0,5107878;0,812;3,027560653;25,3
QAT;1;Asia;Western Asia;;2781677;126597,6391;Qatar;37,4164851;38,15313775;39,26274964;40,29762748;39,68666881;1;;39,02804559;1;20,0140228;95;100;100;98,33333333;93,8558715;1;95,26073083;63,37220078;4,19823E+12;0;9757,011398;0,008018963;61,5;7,906574652;-8,111649027;93,8558715;-214,5170147;0,11374246;0,087;0,017588072;45,4
ROU;1;Europe;Eastern Europe;Post-communist;19473936;28206,35705;Romania;59,98270625;61,11101258;63,51058183;69,18889936;63,44416377;92,32250096;100;64,45394721;70,04401443;78,16598721;57,33333333;76,61764128;28,15487661;54,03528374;59,60876342;55,75842569;68,20416;61,1904497;39154013612;0,08851229;16113,4868;26,17609578;72,8;-2,338235872;14,36902468;59,60876342;5,758425687;-0,2384688;0,408;1,733240138;47,8
RUS;1;Europe;Eastern Europe;Post-communist;144478050;27147,33358;Russian Federation;52,4662026;53,41573055;53,58067317;55,333353;51,93723213;35,70774322;92,93943654;27,15389195;26,77614124;48,95648991;8,333333333;100;41,13518723;49,82284019;55,87649506;53,66157208;91,558448;67,03217171;4,0244E+11;-0,001246289;6788,472987;7,913483475;87,5;3,713792936;11,77296255;55,87649506;3,661572079;-0,06331164;0,124;2,650932336;74,7
RWA;1;Africa;Sub-Saharan Africa;;12301939;2253,520006;Rwanda;37,53266742;36,33284265;13,52319707;37,16146325;37,97777172;100;100;98,70106488;47,70867312;82,13657933;57,33333333;1;1;19,77777778;1;91,37763545;8,7792825;33,71897265;0;0,052110968;24675,26622;18,23900441;72,8;-11,73696366;24,98405557;4,563442315;41,37763545;2,18929722;0,164;0,025956073;87,5
SAU;1;Asia;Western Asia;;33699947;55119,91466;Saudi Arabia;31,52632247;32,23609139;33,26175982;33,52109118;33,48163355;0,293323698;;45,33928169;1;23,16964085;30;100;79,04796312;69,68265437;95,20351253;1;71,05765;55,75372084;9,45841E+11;0;11334,82042;0;81;1,585641225;4,190407375;95,20351253;-76,62811509;0,6946164;0,04;0,005811541;70,4
SEN;1;Africa;Sub-Saharan Africa;;15854360;3775,868008;Senegal;36,6622965;39,46889088;38,65443495;41,76765692;36,52854006;99,97222569;39,95417431;81,20936369;14,07916446;45,08090082;65;41,20047536;52,26897463;52,82315;19,74702171;40,66019512;1;20,46907227;138881193,7;-0,09013753;20302,34092;1,999260213;70,5;-5,879952464;9,546205075;19,74702171;-9,339804883;2,79050224;0,558;0,174111739;77,2
SLE;1;Africa;Sub-Saharan Africa;;7650154;1603,505074;Sierra Leone;30,72244549;31,79703662;27,01513026;32,26879525;22,34177635;100;100;63,17536956;22,46988029;61,88174995;76,33333333;1;1;26,11111111;11,66560554;1;8,0399275;6,901844347;0;0,356065607;15793,84239;3,59742574;67,1;-12,98627896;40,97104758;11,66560554;-52,89299737;2,20704174;0,385;0,006034569;86,8
SGP;1;Asia;South-eastern Asia;Confucian;5638676;101352,5766;Singapore;61,10011492;;;64,19004394;62,54224663;100;82,57545733;75,15872524;6,805165381;54,84644932;47,33333333;100;100;82,44444444;76,30328043;65,37297996;20,62869333;54,10165124;0;-0,007590367;18789,68131;0,460995835;75,8;17,38137611;-16,40298559;76,30328043;15,37297996;-0,5952848;0,326;11,18967876;28,1
SVK;1;Europe;Eastern Europe;Post-communist;5447011;33917,19896;Slovak Republic;66,39097238;67,66097207;68,70942738;68,69639237;67,49440439;98,99985523;100;44,23977643;58,86547701;67,70175115;100;85,68952495;24,60606753;70,09853083;75,78799481;71,47665818;47,39258667;64,88574655;5013290386;0,002219051;11059,94411;29,28544937;49,8;-1,431047505;15,07878649;75,78799481;21,47665818;-0,3945556;0,711;3,031274764;40,5
SVN;1;Europe;Southern Europe;Post-communist;2067372;38209,06777;Slovenia;73,62618597;74,427195;74,44269697;74,78658646;72,4630372;96,07389925;100;42,82075449;48,9960714;63,93894196;84,66666667;100;38,93522516;74,53396394;71,88818358;100;69,08037333;80,32285231;19827059921;0,007672215;10705,18862;26,84629318;64,6;5,119987412;12,21295497;71,88818358;65,92567797;-0,2318972;0,773;3,239253513;28
ZAF;1;Africa;Sub-Saharan Africa;;57779622;13730,32669;South Africa;38,18224067;36,29150058;36,56484421;35,25833631;36,29355283;79,53444958;100;25,75596694;17,62623724;47,79406806;31,33333333;62,6490536;1,71478809;31,89905834;20,90814499;1;75,4505075;32,45288416;1,08179E+11;0;6438,991734;2,893588466;80,6;-3,73509464;19,65704238;20,90814499;-155,7142187;0,58918782;0,575;1,555655005;71,1
ESP;1;Europe;Southern Europe;;46723749;39915,47099;Spain;68,8021901;70,87289847;71,44472717;73,34157837;72,24130488;99,70062428;100;65,28619317;60,49664111;75,26094476;67,66666667;100;37,07928238;68,24864968;84,87788413;100;35,41962667;73,4325036;1498000615;0,026784778;16321,54829;27,68902543;69,7;1,446003673;12,58414352;84,87788413;51,13946906;-0,4843528;0,742;2,483726881;40,7
LKA;1;Asia;Southern Asia;;21670000;13449,90194;Sri Lanka;73,1722723;73,77865095;68,93641333;73,8818052;71,10017496;100;62,60352771;86,6711203;27,25450006;58,84304936;71;74,51327978;100;81,83775993;44,44879627;95,86812598;83,59868167;74,63853464;0;-0,034962403;21667,78007;16,84506901;68,7;-2,548672022;-5,313555798;44,44879627;45,86812598;0,39363164;0,462;0,17090407;84
SWZ;1;Africa;Sub-Saharan Africa;;1136191;10721,64259;Swaziland;49,80049692;52,52326774;50,94015016;54,22547681;50,24740229;99,19297837;100;49,8876862;56,89936897;68,92901839;41,33333333;100;49,00690222;63,44674518;30,95109227;1;55,181075;29,04405576;4043282199;0,089686313;12471,92155;29,76409203;77,6;15,60796748;10,19861956;30,95109227;-244,2828139;1,0756542;0,156;0,012967081;85,3
SWE;1;Europe;Northern Europe;Nordic;10183175;52725,21746;Sweden;82,85079304;82,68567056;81,95682731;82,52224837;81,12158953;100;100;59,83880492;89,79606218;83,21162236;11,66666667;100;92,17430174;67,94698947;90,02391139;95,67483355;97,55548333;94,41807609;0;0,069641705;14959,70123;67,2250517;86,5;3,389920519;1,565139652;90,02391139;45,67483355;0,0586684;0,865;20,22365919;20,3
CHE;1;Europe;Western Europe;;8516543;68095,7804;Switzerland;74,35936965;74,56806134;77,48573553;78,78876264;77,03581108;100;100;71,34163159;73,64472663;81,66211941;53;100;86,01281081;79,67093694;98,85973578;48,02886727;63,91530667;70,26796991;0;0,030331583;17835,4079;51,51814719;74,1;9,210961103;2,797437839;98,85973578;-1,971132732;-0,2706352;0,838;29,82398039;18,7
TJK;1;Asia;Central Asia;Post-communist;9100837;3443,695541;Tajikistan;;;;;47,0454547;99,35935633;;55,81837322;19,22382811;37,52110067;84,66666667;66,91973387;12,13479951;54,57373335;47,72411239;74,9693734;30,00464333;50,89937637;3208365135;0,000230204;13954,59331;30,38855411;64,6;-3,308026613;17,5730401;47,72411239;24,9693734;1,67988856;0,064;0,409374713;77,7
TZA;1;Africa;Sub-Saharan Africa;;56318348;3227,034211;Tanzania;30,20727396;31,60070385;31,09787048;34,69262938;30,97758756;99,7664858;5,787771878;76,4326768;14,70816704;32,30953857;83,33333333;33,04207347;100;72,1251356;2,35948208;34,92289836;1;12,76079348;1168253391;-0,221898598;19108,1692;11,55285283;65;-6,695792653;-1,038937195;2,35948208;-15,07710164;2,98077554;0,382;0,768736743;80,1
THA;1;Asia;South-eastern Asia;;69428524;19017,73586;Thailand;61,91031337;61,03179279;60,47802135;60,83001802;58,43528393;92,60856775;100;46,38020224;21,85846343;56,07955522;1;100;61,21355045;54,07118348;71,02920431;65,94246403;62,72858667;66,56675167;37666545572;0,018779842;11595,05056;4,163597426;90,2;8,284315776;7,757289911;71,02920431;15,94246403;-0,2795356;0,102;2,879819099;73,1
TGO;1;Africa;Sub-Saharan Africa;;7889094;1761,134743;Togo;31,88242989;29,58135756;24,14315796;28,28771839;28,69748672;100;75,31519504;22,74361797;31,2518084;43,10354047;60,33333333;17,61458974;1;26,31597436;4,960672741;56,30871166;1,236434167;20,83527286;0;-0,01523349;5685,904493;13,9002927;71,9;-8,238541026;26,36018237;4,960672741;6,308711663;2,37032558;0,199;0,045343033;87,4
TUN;1;Africa;Northern Africa;;11565204;12483,51203;Tunisia;46,26794788;45,99531347;43,95477304;45,87755584;44,41328608;97,06409027;100;44,1276564;11,12219814;51,74995151;72,33333333;3,615883596;1;25,64973898;70,18722903;45,42487589;83,2757625;66,29595581;14788904499;0,004312973;11031,9141;1,286566874;68,3;-9,63841164;25,98112967;70,18722903;-4,57512411;0,4013817;0,676;0,080440305;70,1
TUR;1;Asia;Western Asia;;82319724;27892,51696;Turkey;48,1033215;51,09552717;52,99477078;54,41065416;51,60243633;98,04615144;100;53,59017044;36,21797412;63,26938152;9,666666667;57,28176269;58,94855559;41,96566165;59,33335734;7,773042965;88,608305;51,90490177;9817433820;0,019898432;13397,54261;13,5551767;87,1;-4,271823731;8,210288882;59,33335734;-42,22695704;0,27340068;0,139;0,697183707;80,3
UGA;1;Africa;Sub-Saharan Africa;;42723139;2033,287394;Uganda;31,64927263;33,15997837;30,35492295;37,74961455;35,79203282;100;43,81062516;81,26532363;40,81492636;55,29695838;62;34,7683496;1;32,58944987;2,663500943;72,66769676;1;25,44373257;0;-0,078931146;20316,33091;28,83057504;71,4;-6,52316504;27,13217185;2,663500943;22,66769676;3,29661302;0,269;1,46135297;95,3
UKR;1;Europe;Eastern Europe;Post-communist;44622516;9233,150469;Ukraine;40,3819169;42,75340486;45,66657483;48,8168622;50,82744968;91,90526495;100;22,74241031;55,96702696;59,56981243;1;82,88775231;1;28,29591744;82,55399922;100;54,127952;78,89398374;41327663140;0,006273328;5685,602579;21,0783422;95,5;-1,711224769;20,3906922;82,55399922;54,94067763;-0,34404036;0,223;4,31486833;71
GBR;1;Europe;Northern Europe;;66488991;45489,10935;United Kingdom;61,8153638;62,90953271;60,5131856;61,60732242;61,28728021;88,46317375;100;56,75173183;45,83416505;67,52863229;51;55,41836716;22,81844472;43,07893729;68,22809612;74,11637012;99,46037333;80,60161319;59451363564;0,009032955;14187,93296;16,95702079;74,7;-4,458163284;15,43631106;68,22809612;24,11637012;-0,0040472;0,8;3,412243569;36,7
USA;1;Americas;Northern America;;327167434;62641,01457;United States;51,06330135;52,10189523;52,3663825;53,04687371;52,49274893;60,4844059;100;39,44336056;43,75770129;61,06702061;16;77,4717269;33,2011699;42,22429893;78,84198469;3,354633974;99,27282667;60,48981511;2,22283E+11;0,010173239;9860,840139;16,92996979;85,2;-2,25282731;13,35976602;78,84198469;-46,64536603;0,01745216;0,741;17,56144072;38
URY;1;Americas;Latin America and the Caribbean;;3449299;23530,60732;Uruguay;66,50305761;64,44296544;72,55718073;76,59073657;74,53911808;100;100;64,57880911;63,4598036;76,0128709;53;93,52805767;51,56232565;66,03012778;92,25176142;62,69604437;92,59182083;82,51320887;0;0,013358928;16144,70228;46,45030413;74,1;-0,647194233;9,687534869;92,25176142;12,69604437;0,1777963;0,783;1,029352703;34
VNM;1;Asia;South-eastern Asia;Confucian;95540395;7434,679921;Vietnam;73,17303467;74,73756755;71,27659702;71,34544935;70,02560187;95,36554764;100;29,96372006;43,8688165;57,94417885;64;100;76,03166882;80,01055627;58,83051187;71,96143541;92,99047833;74,59414187;23447146131;0,194754388;7490,930016;21,54398355;70,8;2,848324578;4,793666236;58,83051187;21,96143541;0,16822852;0,161;1,24112585;66,1
ZMB;1;Africa;Sub-Saharan Africa;;17351822;4216,457967;Zambia;16,37025495;16,72917721;20,23573458;24,90166434;17,07757428;99,94967457;23,15637522;68,77610353;87,40543433;59,77930436;37,66666667;70,44139983;51,29943362;53,13583337;2,704291697;1;1;1,568097232;251658820,3;-0,147623567;17194,02588;72,54111891;78,7;-2,955860017;9,740113277;2,704291697;-65,39991867;2,80250164;0,244;0,022713224;85,7
ZWE;1;Africa;Sub-Saharan Africa;;14439018;3024,449887;Zimbabwe;21,93380799;28,8233581;23,51080086;30,09498041;30,75949404;98,57606418;1;29,70492886;65,63679825;32,11390904;64,33333333;36,02972091;1;33,78768475;11,54606537;46,97056226;22,12169583;26,87944116;7145206103;-0,306586475;7426,232216;25,95143502;70,7;-6,397027909;41,28669484;11,54606537;-3,029437739;1,8690793;0,205;0,065099298;99,5
