ISO;Usable?;Continent;Region;Population;GDP/c PPP 2018 (US$);Country;Index-4;Index-3;Index-2;Index-1;Intergenerational Solidarity Index;Rank;Index0-H-Ind;Index0-En-1-Ind;Index0-En-2-Ind;Index0-En-3-Ind;Index0-En-T-Ind;Index0-Ec-1-Ind;Index0-Ec-2-Ind;Index0-Ec-3-Ind;Index0-Ec-T-Ind;Index0-S-1-Ind;Index0-S-2-Ind;Index0-S-3-Ind;Index0-S-T-Ind;Annual forest cover change  (%);Carbon footprint intensity ($ GDP (PPP) per GHa);Renewable and nuclear (% of energy consumption)*;Wealth inequality Gini coefficient ;Current account balance (%GDP);Adjusted Net Savings (%GNI);Primary pupil: teacher ratio;Child mortality, per 1000*;"Predicted birth rate per woman; adjusted for child mortality";Fossil hydrocarbon production (million Gj/capita);v2x_libdem;AdjDi;FSI
AFG;1;Asia;Western Asia;37172386;1950;Afghanistan;;;;;33,3;99;99,8;100;49,3;41,9;63,8;85,3;;14,7;33,3;1,77;49,2;1;17,3;0;12300;17,3;64,4;-20,2;2,94;44,7;70,6;4,63;1160;0,233;0,00242;105
ALB;1;Europe;Europe;2866376;13300;Albania;58,8;59,6;;65,3;63,9;34;96,7;88;51,9;71,5;70,4;90,3;17,6;35,5;47,8;61,8;90,9;80,6;77,7;-0,124;13000;53,2;62,9;-8,24;7,1;18,6;9,72;1,65;16900;0,429;3,25;58,9
DZA;1;Africa;North Africa and Middle East;42228429;15600;Algeria;46,3;45,9;41,7;37,6;34,6;93;67,6;;48,6;7,56;28,1;47,3;1;100;49,4;42,8;1;51,5;31,8;0,39;12100;0,499;75,8;-12,5;22,1;23,8;21,9;2,96;178000;0,139;0,0476;75,4
AGO;1;Africa;Sub-Saharan Africa;30809762;6440;Angola;25,7;25,8;20,4;13,2;13,9;120;73,1;79,6;55,1;39,4;58;61,7;84;1;48,9;1;1;1;1;-0,215;13800;13,7;71,5;-1,6;-15,9;50;88,8;5,26;145000;0,197;0,00478;87,8
AUS;1;Oceania;Oceania;24992369;51600;Australia;55;57,9;58,4;59,6;58,4;50;11,2;100;38,6;24,7;54,4;80,7;69,4;32,4;60,8;74,9;77,2;99,4;83,8;0,222;9660;5,42;65,8;-3,06;6,48;15,4;3,9;1,8;666000;0,824;1,58;19,7
AUT;1;Europe;Europe;8847037;55500;Austria;69,8;70,4;70,6;71,3;73,2;12;98;100;52,3;64,7;72,3;45,3;100;65,2;70,2;97,7;76,8;57,9;77,5;0,0557;13100;36,3;76,4;2,18;13;10,5;3,72;1,48;10100;0,715;9,85;25
AZE;1;Asia;Western Asia;9942334;18000;Azerbaijan;69,3;70,2;67,5;67,6;63,7;36;53,6;100;56,9;8,53;55,2;85,7;100;73;86,2;81,7;1;96,4;59,7;2,36;14200;1,01;64,3;5,31;14,6;13,8;26,5;1,89;268000;0,06;0,21;73,2
BHR;1;Asia;North Africa and Middle East;1569439;47200;Bahrain;37;38,9;38,7;35,6;36,7;90;22,6;;28,2;1;14,6;45,3;82,5;71;66,3;90,8;10,6;90;63,8;2,13;7040;0,00808;76,4;-1,75;14,2;11,9;7,56;2,04;525000;0,035;0;63,8
BGD;1;Asia;Western Asia;161356039;4360;Bangladesh;61,2;64,1;61,3;66,4;62,7;43;98,7;82,7;52,9;6,36;47,3;76,3;94;100;90,1;17,5;66,5;89,8;57,9;-0,182;13200;0,661;67,1;-0,597;25,9;33,3;36,2;2,05;6770;0,131;0,401;87,7
BLR;1;Europe;Europe;9485386;20000;Belarus;64,5;67,3;69,8;71,2;70,8;20;98,5;100;32,1;13,6;48,6;95,3;69,1;100;88,2;66,8;100;82,1;83;0,223;8020;1,72;61,4;-3,09;21,3;17,3;4,04;1,67;7360;0,122;0,777;68,2
BEL;1;Europe;Europe;11422068;50400;Belgium;76,5;76,3;75,5;76,1;74,7;9;100;100;46,5;48,4;65;80,3;93,9;49,7;74,6;93,9;76,8;87,4;86;0,0644;11600;21;65,9;-0,614;9,94;11,2;4;1,71;0;0,796;4,41;28,6
BLZ;1;Americas;Latin America and the Caribbean;383071;8790;Belize;;;;;35,9;92;97,4;66,8;14,8;53,5;45;28,3;15,9;1;15,1;52,2;78,4;74,9;68,5;-0,366;3690;19,2;81,5;-8,41;-0,137;21,1;15,3;2,4;13300;;0,238;62,5
BEN;1;Africa;Sub-Saharan Africa;11485048;2420;Benin;15,4;15,2;13,2;15,5;9,31;122;100;18,2;24,5;20,6;21,1;70,3;6,1;4,21;26,9;2,26;1;1;1,42;-1,15;6130;5,31;68,9;-9,39;0,843;44;99,9;4,54;0;0,535;0,0241;73,6
BOL;1;Americas;Latin America and the Caribbean;11353142;7860;Bolivia;49,4;50,7;48,6;47,7;41,9;82;83,9;54,4;38,9;24,4;39,2;40,3;60,6;16,2;39;63,3;26,7;58,3;49,5;-0,525;9730;8,4;77,9;-3,94;3,24;18,2;31;2,8;84100;0,399;3,51;72,9
BWA;1;Africa;Sub-Saharan Africa;2254126;18600;Botswana;49,2;49,6;47,3;48,9;45,6;76;95,9;28,4;36,6;38,1;34,4;39;100;100;79,7;46,9;1;56,6;34,8;-0,934;9160;10,2;78,3;5,56;26,1;22,6;40,6;2,84;20700;0,586;0,0805;59,5
BRA;1;Americas;Latin America and the Caribbean;209469333;16100;Brazil;57,7;57,4;57,5;57,8;56,7;54;93,7;81,1;70,9;57,1;69,7;25,7;80,7;34;46,8;53,4;25,6;89,9;56,3;-0,199;17700;36,6;82,3;-1,93;6,79;20,8;15,9;1,72;31800;0,563;8,1;71,8
BRN;1;Asia;Eastern Asia;428962;80800;Brunei Darussalam;52,4;54;54,5;52,9;53,4;59;1;100;72,7;3,83;58,8;38;100;100;79,3;99,2;1;95,1;65,1;0;18200;0,138;78,6;16,9;37,4;10,2;10,8;1,92;1780000;;0,166;57,5
BGR;1;Europe;Europe;7024216;22000;Bulgaria;68,9;69,4;70,4;73,2;71,3;19;93,6;100;40,3;60;66,8;84,3;100;57,4;80,6;65,4;77,5;61,5;68,1;0,452;10100;27,3;64,7;2,33;11,5;17,7;8,24;1,51;32700;0,499;2,18;50,6
BFA;1;Africa;Sub-Saharan Africa;19751535;1980;Burkina Faso;24,1;24,3;20,3;26,1;23,6;109;100;20;54,4;18,3;30,9;75,3;22,3;1;32,9;3,06;34,8;1;12,9;-1,11;13600;5,39;67,4;-7,77;-3,92;43;87,2;4,96;0;0,499;0,00795;83,9
BDI;1;Africa;Sub-Saharan Africa;11175378;743;Burundi;43,4;44,2;38,1;47,4;43,5;81;100;100;81,1;79;86,7;82;1;1;28;0,888;100;1;34;1,7;20300;39,6;65,4;-12,4;-19,3;46,2;67,5;5,31;0;0,05;0,0154;98,2
KHM;1;Asia;Eastern Asia;16249798;4350;Cambodia;39,1;42,6;39,1;45;44,4;80;100;11,2;53;56,5;40,2;65,3;10,6;57,3;44,4;2,06;74,9;70,2;49;-1,33;13200;19,1;70,4;-8,94;11,5;44,3;32,2;2,52;0;0,079;0,0262;82,5
CMR;1;Africa;Sub-Saharan Africa;25216237;3770;Cameroon;21,5;22,2;21,4;23,1;15,2;117;98,2;17,8;69,6;51,3;46,2;58,3;65,8;17,3;47,1;2,85;1;1;1,62;-1,16;17400;31,8;72,5;-3,42;3,47;43,3;86,1;4,37;8840;0,131;0,00803;97
CAN;1;Americas;North America;37058856;48100;Canada;58,7;58,9;58,3;57,8;56,4;55;28,4;98,7;34;55,2;62,6;58;70,7;35,1;54,6;69,6;54,7;66,1;63,5;-0,0134;8510;34,3;72,6;-2,93;7,01;16,6;5,28;1,55;467000;0,759;9,32;20
CHL;1;Americas;Latin America and the Caribbean;18729160;25200;Chile;62,6;60,9;60,2;61,6;60,8;46;98,7;100;48,2;40,4;62,9;42,3;78,5;25,5;48,8;61,7;67,2;91,5;73,5;1,73;12100;21,1;77,3;-2,15;5,11;18,6;7,88;1,74;6360;0,771;1,89;38,9
CHN;1;Asia;Eastern Asia;1392730000;18200;China;68,3;68,3;66,2;67,9;69,8;25;85,6;100;24,3;37,2;53,8;62;100;100;87,3;70,1;72,4;79,6;74,1;0,746;6080;10,2;71,4;1,76;21,4;16,5;10,8;1,65;74800;0,056;5,46;71,1
COL;1;Americas;Latin America and the Caribbean;49648685;15000;Colombia;55,8;55,4;56,2;58,4;52,5;61;80,1;95,5;75,8;47,9;73,1;31;54;17,4;34,1;41,3;40;98,6;60;-0,0456;18900;26,6;80,7;-4,6;3,48;24,3;15,7;1,83;105000;0,475;4,85;75,7
CRI;1;Americas;Latin America and the Caribbean;4999441;17600;Costa Rica;71,8;69,6;74,7;77,9;74,7;8;100;100;58,3;74,1;77,5;43,7;66,7;72,7;61;86,5;79,6;98,6;88,2;1,11;14600;48,4;76,9;-3,33;14,5;12,8;9,12;1,79;0;0,832;0,148;42
CIV;1;Africa;Sub-Saharan Africa;25069229;4200;Cote d'Ivoire;29,9;30,5;29,2;31,2;20,7;112;98,5;99,6;55;20,5;58,4;54;92,3;85,7;77,3;3,9;1;1;1,97;-0,00385;13800;8,07;73,8;-0,772;17,1;42,1;90,1;4,38;7450;0,451;0,0551;92,1
HRV;1;Europe;Europe;4089400;27500;Croatia;71,5;72,5;72,9;74;71,8;17;96,2;100;46,7;35,5;60,8;89,7;100;49,8;79,8;82,6;97,6;50;76,7;0,0208;11700;14,3;63,1;3,27;9,95;13,7;4,9;1,42;19400;0,573;1,32;47,5
CYP;1;Asia;Europe;1189265;;Cyprus;51;53,5;52,2;50,7;45,5;77;100;98,4;64;21,5;61,3;1;48,1;12;20,4;85,7;100;40,2;75,3;-0,0162;16000;3,44;89,8;-5,19;2,39;13;2,74;1,35;0;0,74;0,0669;57,8
CZE;1;Europe;Europe;10625695;39700;Czech Republic;60,7;62,5;65,6;71,4;66,8;30;86,2;100;40,6;50,4;63,7;47,3;100;41,5;62,9;60,3;100;67,9;76,1;0,0802;10200;17,2;75,8;0,764;8,29;18,9;3,16;1,56;71800;0,702;5,5;37,6
DNK;1;Europe;Europe;5797446;55100;Denmark;69;70,2;71,2;76,2;76,3;5;82,1;100;57,3;76,5;77,9;21,3;100;86,9;69,4;96,3;67,8;89,7;84,6;1,03;14300;26,1;83,6;7,74;17,4;10,7;4,22;1,72;93900;0,846;31,5;19,5
ECU;1;Americas;Latin America and the Caribbean;17084357;11700;Ecuador;57,4;58;58,1;60,3;56,2;56;85;47,4;59,1;41,7;49,4;41,3;93,2;57,9;64,1;40,5;59,2;72,5;57,4;-0,624;14800;19,2;77,6;-0,683;11,6;24,5;15,2;2,46;78300;0,472;1,23;71,2
EGY;1;Africa;North Africa and Middle East;98423595;12400;Egypt, Arab Rep.;36,4;35,8;;33,2;31,1;103;92,6;;59,7;17,6;38,6;1;61,7;13,8;25,5;44,1;12,5;36,1;30,9;0,829;14900;3,96;90,9;-3,83;2,75;23,4;23,7;3,33;37600;0,141;0,0422;88,4
SLV;1;Americas;Latin America and the Caribbean;6420744;8320;El Salvador;48;48,9;48,9;52,2;47,2;74;100;3,35;40,7;57,5;33,9;47;65;26,5;46,2;28,2;84,4;88,7;67,1;-1,63;10200;28,8;75,9;-3,5;5,3;28,7;15,4;2,07;0;0,455;0,129;69,8
EST;1;Europe;Europe;1320884;35500;Estonia;68,8;62,8;62,8;64,9;62;44;100;54,2;39;13,5;35,6;63;100;67,9;77;93,2;100;68,4;87,2;-0,528;9760;1,46;71,1;1,93;13,6;11,4;3,2;1,56;0;0,843;2,21;40,8
ETH;1;Africa;Sub-Saharan Africa;109224559;2020;Ethiopia;45,7;45,8;42,5;45,8;44,4;78;100;100;75,4;70,5;82;96;0,263;37,2;44,5;1;70,1;1;24;0,326;18900;39,5;61,2;-9,97;7,45;54,5;63,8;4,27;0;0,154;2,1;94,2
FJI;1;Oceania;Oceania;883483;11000;Fiji;55,3;54,9;49,4;53,4;51,1;65;100;100;47,1;13,6;53,6;68,7;42,7;45,4;52,3;57,2;24,2;61,5;47,6;0,48;11800;9,23;69,4;-5,73;9,07;19,7;24,7;2,72;0;0,383;0;71,7
FIN;1;Europe;Europe;5518050;47900;Finland;75,9;73,6;72,3;72,6;72;16;100;99,9;42,8;82;74,9;44,3;89,2;38,1;57,2;84,3;100;77,4;87,2;-0,00132;10700;47,5;76,7;-1,08;7,63;13,3;2,2;1,63;0;0,803;19,2;16,9
FRA;1;Europe;Europe;66987244;45300;France;74,3;74,7;74,8;76;75,5;7;99,9;100;61,7;75,2;79;71;93;42,4;68,8;63,3;80,8;93,7;79,3;0,67;15400;48,1;68,7;-0,7;8,47;18,2;4,12;1,95;605;0,773;5,98;32
GEO;1;Asia;Europe;3731000;11400;Georgia;57,1;62;56,6;61,6;59,3;48;99,6;100;47,6;16;54,5;74;1;45,7;40,2;100;94,6;90,8;95,1;0;11900;19,3;67,8;-10,6;9,15;9,01;10,6;2,02;2020;0,53;6,75;72
DEU;1;Europe;Europe;82927922;53700;Germany;68,1;68,9;68,6;68,8;67,3;28;94,5;97,2;60,3;30;62,5;28;100;67,3;65,1;90;76,3;60,6;75,6;-0,0284;15100;10,7;81,6;7,87;13,5;12,1;3,86;1,5;28100;0,774;5,75;24,7
GHA;1;Africa;Sub-Saharan Africa;29767108;4740;Ghana;32,2;33,6;30,6;36,4;32,4;100;98,1;100;41,9;26,6;56,2;72,7;47,1;1;40,2;24,6;4,79;16;15,1;0,305;10500;27,4;68,2;-5,29;-3,64;30,2;54,9;3,82;9700;0,531;0,173;65,9
GRC;1;Europe;Europe;10727668;29600;Greece;56,3;59,7;63;63,4;63,6;37;95,7;100;44;47,3;63,8;72,7;82,7;1;52,1;100;96;37,3;77,8;0,751;11000;13,5;68,2;-1,73;-5,3;9,46;4,5;1,33;22000;0,708;0,375;53,9
GIN;1;Africa;Sub-Saharan Africa;12414318;2630;Guinea;19,4;19,3;16,3;16,9;10,1;121;100;51,7;49,7;35,5;45,6;61,3;1;1;21,1;1,18;1;1;1,06;-0,563;12400;11,3;71,6;-10,2;-23;45,6;107;4,41;0;0,176;0,0181;99,4
HND;1;Americas;Latin America and the Caribbean;9587522;5130;Honduras;;;;;47;75;100;1;41,1;42,7;28,3;32;59,3;78,7;56,7;31,1;93,9;69,2;64,7;-2,55;10300;24,2;80,4;-4,07;15,7;27,7;19,5;2,54;0;0,225;0,355;77,8
HUN;1;Europe;Europe;9768785;30700;Hungary;71,1;72;74,4;77,2;76,2;6;96,5;100;53,9;56,2;70;79,3;100;59,1;79,5;95,8;90,6;53,7;80;0,223;13500;22,9;66,2;2,7;11,8;10,8;5,08;1,45;17800;0,441;9,27;49,6
ISL;1;Europe;Europe;353574;57300;Iceland;74;76,4;78,3;87,3;85,7;1;100;;71,4;100;85,7;56,3;100;64,4;73,6;100;100;99;99,7;2,72;17800;83,1;73,1;4,67;12,9;10;2,18;1,82;0;0,774;15,6;19,8
IND;1;Asia;Western Asia;1352617328;7760;India;52,1;52,7;52,5;55;50,7;68;97,8;100;43,6;28,8;57,5;15,3;86,4;96,9;66,2;19;1;83,2;34,4;0,253;10900;8,94;85,4;-1,36;19,4;32,6;43,8;2,2;11200;0,417;0,776;74,4
IDN;1;Asia;Eastern Asia;267663435;13100;Indonesia;47,6;47,8;47,9;49;48,5;72;88,8;39,3;72,8;20,7;44,3;20;77;57,3;51,4;73,6;1;78,3;51;-0,746;18200;3,99;84;-2,3;11,5;15,7;28;2,32;57700;0,502;2,65;70,4
IRL;1;Europe;Europe;4853506;83200;Ireland;71,9;73,5;71,6;74,7;73,6;11;97,8;100;87;43,7;76,9;23,3;100;78,8;67,4;73,5;60,4;97,9;77,3;0,759;21700;11,8;83;6,16;15,8;15,7;3,82;1,85;11200;0,76;0,671;20,6
ISR;1;Asia;North Africa and Middle East;8883800;39800;Israel;62,2;62,8;63,2;64,4;63,9;35;92,8;100;38,2;1;46,4;44,7;100;79,6;74,8;89,8;91;47;75,9;1,35;9550;0,000812;76,6;3,75;15,9;12,1;3,92;3,07;36800;0,568;0,142;76,5
ITA;1;Europe;Europe;60431283;41600;Italy;66,9;68,2;68,2;70,3;69,9;23;98,5;100;58,4;51,9;70,1;70,3;100;22,3;64,2;91,1;96,3;40,4;76;0,582;14600;18,3;68,9;2,17;4,46;11,8;3,44;1,35;7750;0,783;4,5;43,8
JAM;1;Americas;Latin America and the Caribbean;2934855;9300;Jamaica;49,1;52,6;56,3;61,7;60,5;47;100;89;56,1;21,1;55,4;37,3;66,1;64,5;56;48,7;73,9;91,8;71,4;-0,113;14000;3,77;78,8;-3,39;12,9;22,1;15,9;2;0;0,702;0,0078;61,2
JPN;1;Asia;Eastern Asia;126529100;42800;Japan;67,8;67,9;67,8;68,7;67;29;99,7;99,3;47,4;22,2;56,3;89,7;100;27,7;72,5;71;100;50,7;73,9;-0,00668;11900;8,86;63,1;3,1;5,54;16,3;2,8;1,43;1450;0,727;13,5;34,3
JOR;1;Asia;North Africa and Middle East;9956011;9350;Jordan;;48,3;46,1;45,3;49,3;70;99,9;100;33,8;12,2;48,7;74,3;14,2;40,1;42,9;61;62,1;49;57,4;0;8440;1,29;67,7;-8,58;8,02;18,8;17,7;3,02;488;0,251;0,0386;75,9
KAZ;1;Asia;Western Asia;18276499;27800;Kazakhstan;43,8;44,4;43,1;42;40,6;83;30,3;100;22,3;6,3;42,9;1;80,8;36,9;39,6;64,9;13;63,3;47,1;0;5580;0,894;95,2;-1,92;7,37;17,8;12,2;2,68;450000;0,119;0,775;61,6
KEN;1;Africa;Sub-Saharan Africa;51393010;3460;Kenya;33,4;36,4;32,2;37,5;40,5;84;100;100;57,2;48,8;68,7;56;28;1;28,3;22,6;54,8;25;34,1;0,836;14300;26;73,2;-7,2;-1,17;31;46,4;3,6;0;0,297;0,105;93,5
KOR;1;Asia;Eastern Asia;51635256;40100;Korea, Rep.;64,4;64,9;65,9;67,2;66;32;99,8;82,4;34,4;38,6;51,8;76,7;100;95,5;90,7;69,9;98;15,6;61,2;-0,184;8610;12,8;67;6,01;19,1;16,6;3,5;1,17;1170;0,8;9,85;33,7
KWT;1;Asia;North Africa and Middle East;4137309;73700;Kuwait;37,7;38,3;38,8;38,6;37,9;89;1;;44,2;1,52;22,9;30,3;100;95,8;75,4;100;1;88,7;63,2;0;11100;0,0225;80,9;12,9;19,2;8,8;8,62;2,07;1860000;0,287;0,0247;53,2
KGZ;1;Asia;Western Asia;6315800;3880;Kyrgyz Republic;40,2;40,1;33,6;37,7;30,3;105;98,9;14,4;21;17,2;17,5;75,7;1;1;25,9;38,4;98,5;47,9;61,6;-1,24;5240;20,3;67,3;-12,1;-2,51;25,2;22,3;3,05;5350;0,374;0,307;76,2
LAO;1;Asia;Eastern Asia;7061507;7440;Lao PDR;52,2;48,4;40,6;29,3;33,8;96;95,7;100;100;68,8;89,6;34,3;1;1;12,1;42,1;1;64,5;35,9;1,02;39300;55,7;79,7;-10,9;-7,31;24;53,8;2,65;21800;0,082;0,34;78,7
LVA;1;Europe;Europe;1926542;30700;Latvia;65,9;65,1;67,5;71,9;64,5;33;100;100;55,8;25,6;60,5;37,3;94,9;15,8;49,3;94,2;93,7;81,6;89,8;0,0183;14000;12,5;78,8;-0,509;3,16;11,2;5,04;1,66;0;0,763;5,17;43,9
LBN;1;Asia;North Africa and Middle East;6848925;13100;Lebanon;28;30;27,6;34,2;19,8;113;100;100;23,2;12,8;45,3;3,67;1;1;1,89;89;94,9;88,5;90,8;0,0583;5790;2,4;88,9;-21,7;-14,6;12,3;8,32;2,08;0;0,288;0,198;85
LSO;1;Africa;Sub-Saharan Africa;2108132;3220;Lesotho;46,7;46,8;42,2;43,6;39,6;86;100;100;26;47,4;57,8;35;45,1;54,1;44,7;18;1;53,2;24,1;2,09;6510;21,3;79,5;-5,49;10,8;33;90,3;2,92;0;0,421;0,0118;79,7
LBR;1;Africa;Sub-Saharan Africa;4818977;1310;Liberia;32,2;31,9;26,4;27,9;26,9;108;100;41,4;38,3;2,55;27,4;63,7;1;1;21,9;30,2;66,2;1;32,5;-0,713;9580;0,632;70,9;-10,2;-82;28;79,1;4,18;0;0,425;0,00797;90,2
LUX;1;Europe;Europe;607728;111000;Luxembourg;66,1;67,2;65,9;68,6;69,9;24;100;100;41,9;19,3;53,7;79;100;88,5;89,2;100;58,4;55,2;71,2;0;10500;12,5;66,3;5,03;17,7;8,27;2,64;1,46;0;0,765;3,13;20,4
MKD;1;Europe;Europe;2082958;16400;Macedonia, FYR;63,2;64,8;65,9;68,8;66,3;31;96,4;100;31,2;40,6;57,3;81,7;86,7;59,6;76;76,3;67,4;58,1;67,3;0;7800;13,5;65,5;-1,33;11,9;15;11,7;1,49;18300;0,36;0,0528;64,6
MDG;1;Africa;Sub-Saharan Africa;26262368;1630;Madagascar;43,4;47,8;46,1;53,7;51,9;63;100;87,6;82,9;38,5;69,6;66;92,7;29,8;62,8;5,27;82;8,41;31,9;-0,128;20700;15,9;70,2;-0,733;5,95;40,8;58,1;4;0;0,293;0,0349;80,9
MWI;1;Africa;Sub-Saharan Africa;18143315;1310;Malawi;34,4;35,2;26,1;33,2;33,7;97;100;51,2;66,8;76,7;64,9;55,7;1;1;19,2;1;90,3;1;30,8;-0,569;16700;49,5;73,3;-16,6;-15,5;70,5;59,8;4,27;92,5;0,462;0,00896;83,3
MYS;1;Asia;Eastern Asia;31528585;31700;Malaysia;65,4;66,1;65,2;64;63,5;38;74,9;100;46;20,4;55,5;26,7;100;56,3;61;92,1;54,5;90;78,9;0,064;11500;4,39;82;2,97;11,3;11,6;7,98;2,04;134000;0,292;0,116;60,5
MLI;1;Africa;Sub-Saharan Africa;19077690;2310;Mali;16,5;20,4;20,5;23,8;15,2;116;100;3,08;63,5;50,7;39,1;72,7;37,1;1;36,9;5,34;1;1;2,45;-1,65;15900;25;68,2;-6,29;-3,87;40,8;109;5,47;0;0,316;0,0147;94,5
MRT;1;Africa;Sub-Saharan Africa;4403319;4190;Mauritania;16,6;17,8;15,9;20,1;14,8;118;99,4;;16,5;31,5;24;77,7;1;1;26,6;13,2;1;1;5,06;-1,54;4140;6,34;66,7;-19,1;-9,24;35,5;83,5;4,34;2800;0,165;0,0073;90,1
MUS;1;Africa;Sub-Saharan Africa;1265303;23700;Mauritius;43,8;44;47,5;52,4;48,1;73;100;100;42,8;35,2;59,3;86,7;53,4;1;47;61,6;12,6;45,8;40;0,104;10700;7,62;64;-4,66;-5,87;18,6;14,5;1,39;0;0,716;0,035;38,9
MEX;1;Americas;Latin America and the Caribbean;126190788;19900;Mexico;50,9;50,7;50,4;53,1;49;71;87,9;86,6;48,5;28,2;54,4;33,3;79,5;30,6;47,8;32,9;20,9;84,1;46;-0,139;12100;7,21;80;-2,05;6,13;27,1;14,7;2,18;62600;0,527;0,314;69,7
MNG;1;Asia;Eastern Asia;3170208;13700;Mongolia;40,7;40,4;36,3;33,3;28,1;107;49,6;37,9;11,2;18,8;22,7;80,3;1;1;27,4;28,6;33,5;56,4;39,5;-0,769;2810;2,67;65,9;-11;-0,867;28,6;18,7;2,85;296000;0,484;1,14;54,1
MAR;1;Africa;North Africa and Middle East;36029138;8590;Morocco;55,7;56,5;57,3;56,8;55,4;57;100;86,3;48,9;30,3;55,2;32,7;58,1;100;63,6;34,7;37,6;72,8;48,4;-0,142;12200;7,27;80,2;-4,19;20;26,4;25,6;2,45;115;0,255;0,152;73
MOZ;1;Africa;Sub-Saharan Africa;29495962;1330;Mozambique;31,2;31,7;21,9;30,8;31,6;102;96,7;53,2;24,9;100;59,4;66,7;1;1;22,9;1;67,9;1;23,3;-0,541;6240;56,5;70;-32,1;-8,97;54,1;82,3;4,64;16500;0,322;0;88,7
MMR;1;Asia;Eastern Asia;53708395;6660;Myanmar;62,8;60,3;57,6;61,4;57,6;53;97,4;0,628;100;52,7;51,1;100;58,9;100;86,3;41,5;1;88;43,5;-1,84;38600;21,9;58,2;-4,11;25,1;24,2;51,7;2,09;13200;0,25;0;94,3
NPL;1;Asia;Western Asia;28087871;3060;Nepal;78,3;79,4;75,7;81,4;77,9;3;100;100;50;68,6;72,9;67;100;100;89;44,9;83,2;90,5;72,8;0;12500;40,5;69,9;2,46;37,3;23,2;36,6;2,03;11,3;0,458;0,0469;84,7
NLD;1;Europe;Europe;17231017;56300;Netherlands;70,3;70,5;70,2;71,2;71,5;18;76,5;100;54,1;27,2;60,4;54,7;100;77,5;77,4;91,8;69,9;82,3;81,3;0,178;13500;5,63;73,6;8,91;15,5;11,7;4,04;1,67;125000;0,807;3,62;24,8
NZL;1;Oceania;Oceania;4885500;41000;New Zealand;66,8;69,6;69,7;69,5;70;22;84,6;100;47,1;60,3;69,1;64;70,7;64;66,3;78,3;56,6;95,5;76,8;0,00197;11800;37,5;70,8;-2,93;12,8;14,6;5,94;1,91;80300;0,805;2,01;20,1
NER;1;Africa;Sub-Saharan Africa;22442948;1050;Niger;35,8;36,9;32,3;38,8;34,4;94;99,6;;46,3;31,4;38,9;80;1;30,9;37,3;11,8;71,6;1;28,1;-1,07;11600;7,29;66;-16,9;6,17;36,3;94,6;6,48;2090;0,439;0,018;96,2
NGA;1;Africa;Sub-Saharan Africa;195874740;5980;Nigeria;28,3;26,2;26,8;26,5;14,3;119;92,9;1;100;16,4;39,1;1;100;9,1;36,7;4,19;1;1;2,06;-5,57;26400;4,05;89,4;0,0888;1,82;41,8;125;4,89;36400;0,435;1,54;98,5
NOR;1;Europe;Europe;5314336;65600;Norway;67,9;68,3;68;67,6;67,8;26;1;100;79;82,2;87,1;36,3;100;96,1;77,5;100;85,6;90,6;92,1;0,0231;19700;68,3;79,1;7,34;19,2;8,92;2,74;1,73;1650000;0,867;16,9;18
OMN;1;Asia;North Africa and Middle East;4829483;41400;Oman;;;;;19,3;114;4,2;;33,4;1;17,2;37,3;1;1;13,1;99,4;1;54,4;51,6;0;8350;0,0122;78,8;-10,1;-12,7;10,1;11,3;2,89;795000;0,128;0,00533;50
PAK;1;Asia;Western Asia;212215030;5540;Pakistan;32,6;33;31,6;33,2;30;106;98,5;1;54,9;35,1;30,4;83,3;66,5;70;73,3;1,23;1;34,1;12,1;-2,84;13700;13,8;65;-3,35;14;45,6;76;3,38;7710;0,259;1,24;94,2
PAN;1;Americas;Latin America and the Caribbean;4176873;25500;Panama;48,5;48,6;51,1;52,9;50,8;67;100;67,7;92,8;43,5;68;35;7,89;100;47,6;49,3;1;71;40,4;-0,354;23200;16;79,5;-9,21;25,8;21,9;16,9;2,49;0;0,608;0,0242;47
PER;1;Americas;Latin America and the Caribbean;31989256;14400;Peru;59,1;59,3;58,7;60,3;58,9;49;94,3;78,7;76,7;41,1;65,5;35;69,9;47;50,6;64;42,7;79,5;62,1;-0,226;19200;23,2;79,5;-3,01;9,41;18;16,2;2,29;29100;0,621;1,44;68,2
PHL;1;Asia;Eastern Asia;106651922;8940;Philippines;61;61,6;62;62,2;58;52;99,2;100;79,7;35,6;71,8;24,7;100;100;74,9;24,5;23,1;61,6;36,4;3,08;19900;13,9;82,6;0,561;28,2;30,2;30,1;2,72;3780;0,324;3,97;83,1
POL;1;Europe;Europe;37978548;31300;Poland;56,2;57,3;60,1;62,5;63,2;40;87,1;100;42;9,08;50,4;59,3;92,8;50,5;67,5;97,9;91,9;38,1;75,9;0,228;10500;0,703;72,2;-0,724;10,1;10,4;4,88;1,34;66700;0,548;8,1;42,8
PRT;1;Europe;Europe;10281762;33000;Portugal;56,7;60,1;62,6;63,4;62,8;42;100;67,2;56,5;63,4;62,4;54,7;100;10,2;54,9;85,2;100;31,9;72,4;-0,36;14100;26,8;73,6;0,132;2,04;13,1;3,7;1,29;0;0,812;3,03;25,3
QAT;1;Asia;North Africa and Middle East;2781677;127000;Qatar;37,4;38,2;39,3;40,3;39,7;85;1;;39;1;20;95;100;100;98,3;93,9;1;95,3;63,4;;9760;0,00802;61,5;7,91;28,1;11,2;7,8;1,91;4200000;0,087;0,0176;45,4
ROU;1;Europe;Europe;19473936;28200;Romania;60;61,1;63,5;69,2;63,4;39;92,3;100;64,5;70;78,2;57,3;76,6;28,2;54;59,6;55,8;68,2;61,2;1,03;16100;26,2;72,8;-2,34;5,63;19,1;9,22;1,56;39200;0,408;1,73;47,8
RUS;1;Europe;Europe;144478050;27100;Russian Federation;52,5;53,4;53,6;56,1;52,7;60;35,7;99,5;27,2;26,8;51,1;8,33;100;41,1;49,8;55,9;53,7;91,6;67;-0,00503;6790;7,91;87,5;3,71;8,23;20,1;8,52;1,74;402000;0,124;2,65;74,7
RWA;1;Africa;Sub-Saharan Africa;12301939;2250;Rwanda;37,5;36,3;13,5;37,2;38;88;100;100;98,7;47,7;82,1;57,3;1;1;19,8;1;91,4;8,78;33,7;1,44;24700;18,2;72,8;-11,7;-4,98;58,5;41,7;3,99;0;0,164;0,026;87,5
SAU;1;Asia;North Africa and Middle East;33699947;55100;Saudi Arabia;31,5;32,2;33,3;33,5;33,5;98;0,293;;45,3;1;23,2;30;100;79;69,7;95,2;1;71,1;55,8;0;11300;0;81;1,59;15,8;11;8,62;2,49;946000;0,04;0,00581;70,4
SEN;1;Africa;Sub-Saharan Africa;15854360;3780;Senegal;38,4;41,1;40,1;43,3;38,1;87;100;57,7;81,2;14,1;51;65;41,2;52,3;52,8;19,7;40,7;1;20,5;-0,481;20300;2;70,5;-5,88;10,5;32,2;50,4;4,59;139;0,558;0,174;77,2
SLE;1;Africa;Sub-Saharan Africa;7650154;1600;Sierra Leone;30,7;31,8;27;32,3;22,3;110;100;100;63,2;22,5;61,9;76,3;1;1;26,1;11,7;1;8,04;6,9;2,14;15800;3,6;67,1;-13;-21;36,3;123;4,01;0;0,385;0,00603;86,8
SGP;1;Asia;Eastern Asia;5638676;101000;Singapore;60,7;;;64,4;63;41;100;86,3;75,2;6,81;56,1;47,3;100;100;82,4;76,3;65,4;20,6;54,1;-0,142;18800;0,461;75,8;17,4;36,4;15,1;2,72;1,2;0;0,326;11,2;28,1
SVK;1;Europe;Europe;5447011;33900;Slovak Republic;66,4;67,7;68,7;68,7;67,5;27;99;100;44,2;58,9;67,7;100;85,7;24,6;70,1;75,8;71,5;47,4;64,9;0,0136;11100;29,3;49,8;-1,43;4,92;15,2;6,06;1,41;5010;0,711;3,03;40,5
SVN;1;Europe;Europe;2067372;38200;Slovenia;73,6;74,4;74,4;74,8;72,5;13;96,1;100;42,8;49;63,9;84,7;100;38,9;74,5;71,9;100;69,1;80,3;0,02;10700;26,8;64,6;5,12;7,79;16,1;2,48;1,57;19800;0,773;3,24;28
ZAF;1;Africa;Sub-Saharan Africa;57779622;13700;South Africa;38,2;36,3;36,6;35,3;36,3;91;79,5;100;25,8;17,6;47,8;31,3;62,6;1,71;31,9;20,9;1;75,5;32,5;0;6440;2,89;80,6;-3,74;0,343;31,7;38,1;2,39;108000;0,575;1,56;71,1
ESP;1;Europe;Europe;46723749;39900;Spain;68,8;70,9;71,4;73,3;72,2;14;99,7;100;65,3;60,5;75,3;67,7;100;37,1;68,2;84,9;100;35,4;73,4;0,198;16300;27,7;69,7;1,45;7,42;13,1;3,3;1,32;1500;0,742;2,48;40,7
LKA;1;Asia;Western Asia;21670000;13400;Sri Lanka;74,6;75,1;70,1;75;72,2;15;100;70,7;86,7;27,3;61,6;71;74,5;100;81,8;44,4;95,9;83,6;74,6;-0,318;21700;16,8;68,7;-2,55;25,3;23,3;8,84;2,19;0;0,462;0,171;84
SWZ;1;Africa;Sub-Saharan Africa;1136191;10700;Swaziland;49,8;52,5;50,9;54,2;50,2;69;99,2;100;49,9;56,9;68,9;41,3;100;49;63,4;31;1;55,2;29;0,791;12500;29,8;77,6;15,6;9,8;27,7;63,9;2,88;4040;0,156;0,013;85,3
SWE;1;Europe;Europe;10183175;52700;Sweden;82,9;82,7;82;82,5;81,1;2;100;100;59,8;89,8;83,2;11,7;100;92,2;67,9;90;95,7;97,6;94,4;0,148;15000;67,2;86,5;3,39;18,4;12;2,86;1,86;0;0,865;20,2;20,3
CHE;1;Europe;Europe;8516543;68100;Switzerland;74,4;74,6;77,5;78,8;77;4;100;100;71,3;73,6;81,7;53;100;86;79,7;98,9;48;63,9;70,3;0,304;17800;51,5;74,1;9,21;17,2;10,2;4,32;1,53;0;0,838;29,8;18,7
TJK;1;Asia;Western Asia;9100837;3440;Tajikistan;;;;;54,5;58;99,4;100;55,8;19,2;58,3;84,7;66,9;12,1;54,6;47,7;75;30;50,9;0,264;14000;30,4;64,6;-3,31;2,43;22,4;37,8;3,48;3210;0,064;0,409;77,7
TZA;1;Africa;Sub-Saharan Africa;56318348;3230;Tanzania;33;34,6;34,1;38,1;33,9;95;99,8;35,9;76,4;14,7;42,4;83,3;33;100;72,1;2,36;34,9;1;12,8;-0,801;19100;11,6;65;-6,7;21;43,9;59,1;4,78;1170;0,382;0,769;80,1
THA;1;Asia;Eastern Asia;69428524;19000;Thailand;61,9;61;60,5;60,8;58,4;51;92,6;100;46,4;21,9;56,1;1;100;61,2;54,1;71;65,9;62,7;66,6;0,183;11600;4,16;90,2;8,28;12,2;16,3;10,5;1,52;37700;0,102;2,88;73,1
TGO;1;Africa;Sub-Saharan Africa;7889094;1760;Togo;23,3;21,5;17,8;21;21,6;111;100;1;22,7;31,3;18,3;60,3;17,6;1;26,3;4,96;56,3;1,24;20,8;-9,71;5690;13,9;71,9;-8,24;-6,36;41,1;76,9;4,17;0;0,199;0,0453;87,4
TUN;1;Africa;North Africa and Middle East;11565204;12500;Tunisia;46,3;46;44;45,9;44,4;79;97,1;100;44,1;11,1;51,7;72,3;3,62;1;25,6;70,2;45,4;83,3;66,3;0,99;11000;1,29;68,3;-9,64;-5,98;16,5;17,2;2,2;14800;0,676;0,0804;70,1
TUR;1;Asia;North Africa and Middle East;82319724;27900;Turkey;48,1;51,1;53;54,4;51,6;64;98;100;53,6;36,2;63,3;9,67;57,3;58,9;42;59,3;7,77;88,6;51,9;0,882;13400;13,6;87,1;-4,27;11,8;19,2;12,7;2,07;9820;0,139;0,697;80,3
UGA;1;Africa;Sub-Saharan Africa;42723139;2030;Uganda;28,8;30,1;27,5;34,2;32,4;101;100;1;81,3;40,8;41;62;34,8;1;32,6;2,66;72,7;1;25,4;-6,16;20300;28,8;71,4;-6,52;-7,13;43,5;55,2;5,1;0;0,269;1,46;95,3
UKR;1;Europe;Europe;44622516;9230;Ukraine;40,4;42,8;45,7;48,8;50,8;66;91,9;100;22,7;56;59,6;1;82,9;1;28,3;82,6;100;54,1;78,9;0,227;5690;21,1;95,5;-1,71;-0,391;13,7;9,54;1,46;41300;0,223;4,31;71
GBR;1;Europe;Europe;66488991;45500;United Kingdom;61,8;62,9;60,5;61,6;61,3;45;88,5;100;56,8;45,8;67,5;51;55,4;22,8;43,1;68,2;74,1;99,5;80,6;0,544;14200;17;74,7;-4,46;4,56;17;4,46;1,8;59500;0,8;3,41;36,7
USA;1;Americas;North America;327167434;62600;United States;51,1;52,1;52,4;53;52,5;62;60,5;100;39,4;43,8;61,1;16;77,5;33,2;42,2;78,8;3,35;99,3;60,5;0,0888;9860;16,9;85,2;-2,25;6,64;14,5;6,8;1,82;222000;0,741;17,6;38
URY;1;Americas;Latin America and the Caribbean;3449299;23500;Uruguay;66,5;64,4;72,6;76,6;74,5;10;100;100;64,6;63,5;76;53;93,5;51,6;66;92,3;62,7;92,6;82,5;1,25;16100;46,5;74,1;-0,647;10,3;11,6;8,82;1,98;0;0,783;1,03;34
VNM;1;Asia;Eastern Asia;95540395;7430;Vietnam;73,2;74,7;71,3;71,3;70;21;95,4;100;30;43,9;57,9;64;100;76;80;58,8;72;93;74,6;0,881;7490;21,5;70,8;2,85;15,2;19,3;21,8;1,97;23400;0,161;1,24;66,1
ZMB;1;Africa;Sub-Saharan Africa;17351822;4220;Zambia;17,6;18;21,8;26,8;18,4;115;99,9;68,8;68,8;87,4;75;37,7;70,4;51,3;53,1;2,7;1;1;1,57;-0,341;17200;72,5;78,7;-2,96;10,3;43,4;64,7;4,6;252;0,244;0,0227;85,7
ZWE;1;Africa;Sub-Saharan Africa;14439018;3020;Zimbabwe;21,9;28,8;23,5;30,1;30,8;104;98,6;1;29,7;65,6;32,1;64,3;36;1;33,8;11,5;47;22,1;26,9;-2,18;7430;26;70,7;-6,4;-21,3;36,4;54,8;3,67;7150;0,205;0,0651;99,5
